,date,hour,sales,holiday,dow,weather
0,7/2/2018,7,34.31,False,Monday,75
1,7/2/2018,8,81.24,False,Monday,75
2,7/2/2018,9,71.86,False,Monday,75
3,7/2/2018,10,126.51,False,Monday,75
4,7/2/2018,11,134.75,False,Monday,75
5,7/2/2018,12,139.05,False,Monday,75
6,7/2/2018,13,101.75,False,Monday,75
7,7/2/2018,14,117.85,False,Monday,75
8,7/2/2018,15,126.24,False,Monday,75
9,7/2/2018,16,28.35,False,Monday,75
10,7/2/2018,17,67.11,False,Monday,75
11,7/2/2018,18,33.67,False,Monday,75
12,7/2/2018,19,103.37,False,Monday,75
13,7/2/2018,20,147.88,False,Monday,75
14,7/2/2018,21,84.62,False,Monday,75
15,7/2/2018,22,11.37,False,Monday,75
16,7/3/2018,7,48.12,False,Tuesday,70
17,7/3/2018,8,101.76,False,Tuesday,70
18,7/3/2018,9,114.31,False,Tuesday,70
19,7/3/2018,10,51.6,False,Tuesday,70
20,7/3/2018,11,118.38,False,Tuesday,70
21,7/3/2018,12,61.45,False,Tuesday,70
22,7/3/2018,13,348.66,False,Tuesday,70
23,7/3/2018,14,131.28,False,Tuesday,70
24,7/3/2018,15,158.38,False,Tuesday,70
25,7/3/2018,16,109.37,False,Tuesday,70
26,7/3/2018,17,70.07,False,Tuesday,70
27,7/3/2018,18,106.86,False,Tuesday,70
28,7/3/2018,19,92.63,False,Tuesday,70
29,7/3/2018,20,33.24,False,Tuesday,70
30,7/3/2018,21,22.26,False,Tuesday,70
31,7/4/2018,7,33.07,True,Wednesday,75
32,7/4/2018,8,50.68,True,Wednesday,75
33,7/4/2018,9,93.67,True,Wednesday,75
34,7/4/2018,10,98.65,True,Wednesday,75
35,7/4/2018,11,37.23,True,Wednesday,75
36,7/4/2018,12,153.0,True,Wednesday,75
37,7/4/2018,13,63.14,True,Wednesday,75
38,7/4/2018,14,87.95,True,Wednesday,75
39,7/4/2018,15,154.03,True,Wednesday,75
40,7/4/2018,16,111.89,True,Wednesday,75
41,7/4/2018,17,130.84,True,Wednesday,75
42,7/4/2018,18,77.81,True,Wednesday,75
43,7/5/2018,7,20.46,False,Thursday,81
44,7/5/2018,8,73.71,False,Thursday,81
45,7/5/2018,9,82.27,False,Thursday,81
46,7/5/2018,10,49.13,False,Thursday,81
47,7/5/2018,11,173.85,False,Thursday,81
48,7/5/2018,12,147.41,False,Thursday,81
49,7/5/2018,13,92.61,False,Thursday,81
50,7/5/2018,14,48.95,False,Thursday,81
51,7/5/2018,15,156.48,False,Thursday,81
52,7/5/2018,16,136.02,False,Thursday,81
53,7/5/2018,17,114.42,False,Thursday,81
54,7/5/2018,18,75.29,False,Thursday,81
55,7/5/2018,19,193.7,False,Thursday,81
56,7/5/2018,20,52.57,False,Thursday,81
57,7/5/2018,21,82.89,False,Thursday,81
58,7/5/2018,22,8.29,False,Thursday,81
59,7/6/2018,7,51.4,False,Friday,80
60,7/6/2018,8,159.65,False,Friday,80
61,7/6/2018,9,94.22,False,Friday,80
62,7/6/2018,10,134.61,False,Friday,80
63,7/6/2018,11,101.66,False,Friday,80
64,7/6/2018,12,184.25,False,Friday,80
65,7/6/2018,13,76.83,False,Friday,80
66,7/6/2018,14,131.92,False,Friday,80
67,7/6/2018,15,117.68,False,Friday,80
68,7/6/2018,16,126.31,False,Friday,80
69,7/6/2018,17,72.03,False,Friday,80
70,7/6/2018,18,121.81,False,Friday,80
71,7/6/2018,19,87.6,False,Friday,80
72,7/6/2018,20,82.1,False,Friday,80
73,7/6/2018,21,142.56,False,Friday,80
74,7/6/2018,22,92.33,False,Friday,80
75,7/7/2018,8,61.43,False,Saturday,76
76,7/7/2018,9,71.79,False,Saturday,76
77,7/7/2018,10,150.98,False,Saturday,76
78,7/7/2018,11,163.24,False,Saturday,76
79,7/7/2018,12,143.21,False,Saturday,76
80,7/7/2018,13,85.0,False,Saturday,76
81,7/7/2018,14,113.18,False,Saturday,76
82,7/7/2018,15,135.23,False,Saturday,76
83,7/7/2018,16,64.6,False,Saturday,76
84,7/7/2018,17,95.98,False,Saturday,76
85,7/7/2018,18,80.68,False,Saturday,76
86,7/7/2018,19,116.62,False,Saturday,76
87,7/7/2018,20,166.11,False,Saturday,76
88,7/7/2018,21,69.67,False,Saturday,76
89,7/7/2018,22,61.64,False,Saturday,76
90,7/9/2018,7,13.08,False,Monday,77
91,7/9/2018,8,38.64,False,Monday,77
92,7/9/2018,9,276.11,False,Monday,77
93,7/9/2018,10,96.49,False,Monday,77
94,7/9/2018,11,180.22,False,Monday,77
95,7/9/2018,12,190.74,False,Monday,77
96,7/9/2018,13,305.05,False,Monday,77
97,7/9/2018,14,144.66,False,Monday,77
98,7/9/2018,15,118.34,False,Monday,77
99,7/9/2018,16,179.23,False,Monday,77
100,7/9/2018,17,87.78,False,Monday,77
101,7/9/2018,18,71.63,False,Monday,77
102,7/9/2018,19,133.38,False,Monday,77
103,7/9/2018,20,109.25,False,Monday,77
104,7/9/2018,21,32.44,False,Monday,77
105,7/10/2018,7,26.7,False,Tuesday,77
106,7/10/2018,8,67.81,False,Tuesday,77
107,7/10/2018,9,119.37,False,Tuesday,77
108,7/10/2018,10,142.14,False,Tuesday,77
109,7/10/2018,11,85.66,False,Tuesday,77
110,7/10/2018,12,75.55,False,Tuesday,77
111,7/10/2018,13,67.97,False,Tuesday,77
112,7/10/2018,14,145.18,False,Tuesday,77
113,7/10/2018,15,133.59,False,Tuesday,77
114,7/10/2018,16,107.09,False,Tuesday,77
115,7/10/2018,17,72.86,False,Tuesday,77
116,7/10/2018,18,71.84,False,Tuesday,77
117,7/10/2018,19,89.34,False,Tuesday,77
118,7/10/2018,20,146.21,False,Tuesday,77
119,7/10/2018,21,66.88,False,Tuesday,77
120,7/11/2018,7,37.87,False,Wednesday,77
121,7/11/2018,8,100.88,False,Wednesday,77
122,7/11/2018,9,50.17,False,Wednesday,77
123,7/11/2018,10,133.89,False,Wednesday,77
124,7/11/2018,11,131.5,False,Wednesday,77
125,7/11/2018,12,70.09,False,Wednesday,77
126,7/11/2018,13,106.16,False,Wednesday,77
127,7/11/2018,14,109.08,False,Wednesday,77
128,7/11/2018,15,130.47,False,Wednesday,77
129,7/11/2018,16,76.86,False,Wednesday,77
130,7/11/2018,17,38.74,False,Wednesday,77
131,7/11/2018,18,75.96,False,Wednesday,77
132,7/11/2018,19,115.65,False,Wednesday,77
133,7/11/2018,20,96.02,False,Wednesday,77
134,7/11/2018,21,73.97,False,Wednesday,77
135,7/12/2018,7,751.46,False,Thursday,77
136,7/12/2018,8,126.33,False,Thursday,77
137,7/12/2018,9,142.7,False,Thursday,77
138,7/12/2018,10,165.27,False,Thursday,77
139,7/12/2018,11,140.97,False,Thursday,77
140,7/12/2018,12,171.62,False,Thursday,77
141,7/12/2018,13,96.77,False,Thursday,77
142,7/12/2018,14,153.17,False,Thursday,77
143,7/12/2018,15,63.18,False,Thursday,77
144,7/12/2018,16,100.92,False,Thursday,77
145,7/12/2018,17,138.66,False,Thursday,77
146,7/12/2018,18,41.96,False,Thursday,77
147,7/12/2018,19,101.1,False,Thursday,77
148,7/12/2018,20,66.92,False,Thursday,77
149,7/12/2018,21,77.84,False,Thursday,77
150,7/13/2018,7,76.04,False,Friday,77
151,7/13/2018,8,188.53,False,Friday,77
152,7/13/2018,9,89.61,False,Friday,77
153,7/13/2018,10,116.07,False,Friday,77
154,7/13/2018,11,130.95,False,Friday,77
155,7/13/2018,12,186.97,False,Friday,77
156,7/13/2018,13,71.71,False,Friday,77
157,7/13/2018,14,121.9,False,Friday,77
158,7/13/2018,15,134.29,False,Friday,77
159,7/13/2018,16,108.57,False,Friday,77
160,7/13/2018,17,104.5,False,Friday,77
161,7/13/2018,18,89.64,False,Friday,77
162,7/13/2018,19,90.95,False,Friday,77
163,7/13/2018,20,41.7,False,Friday,77
164,7/13/2018,21,92.63,False,Friday,77
165,7/14/2018,8,22.62,False,Saturday,77
166,7/14/2018,9,169.89,False,Saturday,77
167,7/14/2018,10,125.26,False,Saturday,77
168,7/14/2018,11,132.02,False,Saturday,77
169,7/14/2018,12,162.82,False,Saturday,77
170,7/14/2018,13,95.88,False,Saturday,77
171,7/14/2018,14,93.25,False,Saturday,77
172,7/14/2018,15,82.05,False,Saturday,77
173,7/14/2018,16,74.21,False,Saturday,77
174,7/14/2018,17,146.32,False,Saturday,77
175,7/14/2018,18,103.6,False,Saturday,77
176,7/14/2018,19,142.17,False,Saturday,77
177,7/14/2018,20,115.61,False,Saturday,77
178,7/14/2018,21,98.88,False,Saturday,77
179,7/14/2018,22,24.73,False,Saturday,77
180,7/16/2018,7,28.38,False,Monday,77
181,7/16/2018,8,243.6,False,Monday,77
182,7/16/2018,9,96.21,False,Monday,77
183,7/16/2018,10,182.5,False,Monday,77
184,7/16/2018,11,156.69,False,Monday,77
185,7/16/2018,12,173.21,False,Monday,77
186,7/16/2018,13,132.37,False,Monday,77
187,7/16/2018,14,135.93,False,Monday,77
188,7/16/2018,15,173.57,False,Monday,77
189,7/16/2018,16,214.53,False,Monday,77
190,7/16/2018,17,78.59,False,Monday,77
191,7/16/2018,18,67.59,False,Monday,77
192,7/16/2018,19,133.01,False,Monday,77
193,7/16/2018,20,69.15,False,Monday,77
194,7/16/2018,21,74.75,False,Monday,77
195,7/16/2018,22,11.21,False,Monday,77
196,7/17/2018,7,54.22,False,Tuesday,77
197,7/17/2018,8,169.44,False,Tuesday,77
198,7/17/2018,9,134.06,False,Tuesday,77
199,7/17/2018,10,86.64,False,Tuesday,77
200,7/17/2018,11,118.29,False,Tuesday,77
201,7/17/2018,12,482.68,False,Tuesday,77
202,7/17/2018,13,120.85,False,Tuesday,77
203,7/17/2018,14,115.85,False,Tuesday,77
204,7/17/2018,15,105.65,False,Tuesday,77
205,7/17/2018,16,129.68,False,Tuesday,77
206,7/17/2018,17,100.43,False,Tuesday,77
207,7/17/2018,18,49.5,False,Tuesday,77
208,7/17/2018,19,67.58,False,Tuesday,77
209,7/17/2018,20,77.88,False,Tuesday,77
210,7/17/2018,21,11.91,False,Tuesday,77
211,7/17/2018,22,24.73,False,Tuesday,77
212,7/18/2018,7,68.86,False,Wednesday,77
213,7/18/2018,8,108.39,False,Wednesday,77
214,7/18/2018,9,150.79,False,Wednesday,77
215,7/18/2018,10,126.43,False,Wednesday,77
216,7/18/2018,11,99.53,False,Wednesday,77
217,7/18/2018,12,111.58,False,Wednesday,77
218,7/18/2018,13,147.48,False,Wednesday,77
219,7/18/2018,14,136.34,False,Wednesday,77
220,7/18/2018,15,55.8,False,Wednesday,77
221,7/18/2018,16,118.77,False,Wednesday,77
222,7/18/2018,17,112.5,False,Wednesday,77
223,7/18/2018,18,77.01,False,Wednesday,77
224,7/18/2018,19,63.52,False,Wednesday,77
225,7/18/2018,20,42.06,False,Wednesday,77
226,7/18/2018,21,55.58,False,Wednesday,77
227,7/18/2018,22,6.36,False,Wednesday,77
228,7/19/2018,7,20.22,False,Thursday,77
229,7/19/2018,8,107.24,False,Thursday,77
230,7/19/2018,9,71.6,False,Thursday,77
231,7/19/2018,10,211.8,False,Thursday,77
232,7/19/2018,11,96.54,False,Thursday,77
233,7/19/2018,12,233.21,False,Thursday,77
234,7/19/2018,13,276.49,False,Thursday,77
235,7/19/2018,14,66.5,False,Thursday,77
236,7/19/2018,15,160.23,False,Thursday,77
237,7/19/2018,16,159.6,False,Thursday,77
238,7/19/2018,17,90.2,False,Thursday,77
239,7/19/2018,18,62.47,False,Thursday,77
240,7/19/2018,19,70.66,False,Thursday,77
241,7/19/2018,20,49.08,False,Thursday,77
242,7/19/2018,21,62.51,False,Thursday,77
243,7/20/2018,7,30.41,False,Friday,77
244,7/20/2018,8,55.78,False,Friday,77
245,7/20/2018,9,156.45,False,Friday,77
246,7/20/2018,10,109.09,False,Friday,77
247,7/20/2018,11,94.66,False,Friday,77
248,7/20/2018,12,95.51,False,Friday,77
249,7/20/2018,13,90.05,False,Friday,77
250,7/20/2018,14,134.91,False,Friday,77
251,7/20/2018,15,109.3,False,Friday,77
252,7/20/2018,16,72.67,False,Friday,77
253,7/20/2018,17,84.05,False,Friday,77
254,7/20/2018,18,72.57,False,Friday,77
255,7/20/2018,19,138.31,False,Friday,77
256,7/20/2018,20,120.82,False,Friday,77
257,7/20/2018,21,59.65,False,Friday,77
258,7/20/2018,22,57.66,False,Friday,77
259,7/21/2018,8,97.95,False,Saturday,77
260,7/21/2018,9,126.59,False,Saturday,77
261,7/21/2018,10,75.9,False,Saturday,77
262,7/21/2018,11,120.47,False,Saturday,77
263,7/21/2018,12,118.47,False,Saturday,77
264,7/21/2018,13,178.75,False,Saturday,77
265,7/21/2018,14,144.86,False,Saturday,77
266,7/21/2018,15,87.49,False,Saturday,77
267,7/21/2018,16,173.18,False,Saturday,77
268,7/21/2018,17,131.49,False,Saturday,77
269,7/21/2018,18,115.56,False,Saturday,77
270,7/21/2018,19,99.18,False,Saturday,77
271,7/21/2018,20,72.43,False,Saturday,77
272,7/21/2018,21,37.4,False,Saturday,77
273,7/23/2018,7,74.17,False,Monday,77
274,7/23/2018,8,46.02,False,Monday,77
275,7/23/2018,9,141.84,False,Monday,77
276,7/23/2018,10,111.44,False,Monday,77
277,7/23/2018,11,93.35,False,Monday,77
278,7/23/2018,12,424.51,False,Monday,77
279,7/23/2018,13,283.56,False,Monday,77
280,7/23/2018,14,189.78,False,Monday,77
281,7/23/2018,15,155.56,False,Monday,77
282,7/23/2018,16,76.62,False,Monday,77
283,7/23/2018,17,107.97,False,Monday,77
284,7/23/2018,18,84.01,False,Monday,77
285,7/23/2018,19,55.05,False,Monday,77
286,7/23/2018,20,57.27,False,Monday,77
287,7/23/2018,21,133.87,False,Monday,77
288,7/23/2018,22,10.02,False,Monday,77
289,7/24/2018,8,61.49,False,Tuesday,77
290,7/24/2018,9,64.95,False,Tuesday,77
291,7/24/2018,10,108.48,False,Tuesday,77
292,7/24/2018,11,102.7,False,Tuesday,77
293,7/24/2018,12,195.17,False,Tuesday,77
294,7/24/2018,13,190.86,False,Tuesday,77
295,7/24/2018,14,164.29,False,Tuesday,77
296,7/24/2018,15,126.43,False,Tuesday,77
297,7/24/2018,16,165.59,False,Tuesday,77
298,7/24/2018,17,156.02,False,Tuesday,77
299,7/24/2018,18,150.18,False,Tuesday,77
300,7/24/2018,19,218.67,False,Tuesday,77
301,7/24/2018,20,104.31,False,Tuesday,77
302,7/24/2018,21,76.9,False,Tuesday,77
303,7/25/2018,7,37.51,False,Wednesday,77
304,7/25/2018,8,426.0,False,Wednesday,77
305,7/25/2018,9,73.06,False,Wednesday,77
306,7/25/2018,10,141.02,False,Wednesday,77
307,7/25/2018,11,58.97,False,Wednesday,77
308,7/25/2018,12,83.34,False,Wednesday,77
309,7/25/2018,13,189.71,False,Wednesday,77
310,7/25/2018,14,121.17,False,Wednesday,77
311,7/25/2018,15,86.37,False,Wednesday,77
312,7/25/2018,16,118.42,False,Wednesday,77
313,7/25/2018,17,103.15,False,Wednesday,77
314,7/25/2018,18,110.36,False,Wednesday,77
315,7/25/2018,19,57.21,False,Wednesday,77
316,7/25/2018,20,105.84,False,Wednesday,77
317,7/25/2018,21,19.15,False,Wednesday,77
318,7/25/2018,22,6.2,False,Wednesday,77
319,7/26/2018,7,807.05,False,Thursday,77
320,7/26/2018,8,96.39,False,Thursday,77
321,7/26/2018,9,138.81,False,Thursday,77
322,7/26/2018,10,151.03,False,Thursday,77
323,7/26/2018,11,72.58,False,Thursday,77
324,7/26/2018,12,170.35,False,Thursday,77
325,7/26/2018,13,211.45,False,Thursday,77
326,7/26/2018,14,118.86,False,Thursday,77
327,7/26/2018,15,103.21,False,Thursday,77
328,7/26/2018,16,77.19,False,Thursday,77
329,7/26/2018,17,147.86,False,Thursday,77
330,7/26/2018,18,124.87,False,Thursday,77
331,7/26/2018,19,93.22,False,Thursday,77
332,7/26/2018,20,100.24,False,Thursday,77
333,7/26/2018,21,125.92,False,Thursday,77
334,7/26/2018,22,13.52,False,Thursday,77
335,7/27/2018,7,28.31,False,Friday,77
336,7/27/2018,8,102.29,False,Friday,77
337,7/27/2018,9,83.74,False,Friday,77
338,7/27/2018,10,112.28,False,Friday,77
339,7/27/2018,11,144.96,False,Friday,77
340,7/27/2018,12,198.03,False,Friday,77
341,7/27/2018,13,136.73,False,Friday,77
342,7/27/2018,14,110.59,False,Friday,77
343,7/27/2018,15,104.94,False,Friday,77
344,7/27/2018,16,125.7,False,Friday,77
345,7/27/2018,17,120.89,False,Friday,77
346,7/27/2018,18,106.33,False,Friday,77
347,7/27/2018,19,64.11,False,Friday,77
348,7/27/2018,20,85.37,False,Friday,77
349,7/27/2018,21,175.33,False,Friday,77
350,7/27/2018,22,40.25,False,Friday,77
351,7/28/2018,8,85.89,False,Saturday,77
352,7/28/2018,9,45.63,False,Saturday,77
353,7/28/2018,10,55.86,False,Saturday,77
354,7/28/2018,11,111.79,False,Saturday,77
355,7/28/2018,12,166.78,False,Saturday,77
356,7/28/2018,13,123.71,False,Saturday,77
357,7/28/2018,14,74.15,False,Saturday,77
358,7/28/2018,15,113.83,False,Saturday,77
359,7/28/2018,16,104.55,False,Saturday,77
360,7/28/2018,17,72.72,False,Saturday,77
361,7/28/2018,18,67.4,False,Saturday,77
362,7/28/2018,19,79.88,False,Saturday,77
363,7/28/2018,20,149.6,False,Saturday,77
364,7/28/2018,21,85.64,False,Saturday,77
365,7/30/2018,7,39.38,False,Monday,77
366,7/30/2018,8,33.12,False,Monday,77
367,7/30/2018,9,105.49,False,Monday,77
368,7/30/2018,10,233.88,False,Monday,77
369,7/30/2018,11,184.39,False,Monday,77
370,7/30/2018,12,257.52,False,Monday,77
371,7/30/2018,13,231.18,False,Monday,77
372,7/30/2018,14,76.53,False,Monday,77
373,7/30/2018,15,119.44,False,Monday,77
374,7/30/2018,16,75.05,False,Monday,77
375,7/30/2018,17,129.94,False,Monday,77
376,7/30/2018,18,90.93,False,Monday,77
377,7/30/2018,19,75.63,False,Monday,77
378,7/30/2018,20,137.49,False,Monday,77
379,7/30/2018,21,19.61,False,Monday,77
380,7/31/2018,7,41.39,False,Tuesday,77
381,7/31/2018,8,40.78,False,Tuesday,77
382,7/31/2018,9,100.71,False,Tuesday,77
383,7/31/2018,10,110.22,False,Tuesday,77
384,7/31/2018,11,53.6,False,Tuesday,77
385,7/31/2018,12,141.8,False,Tuesday,77
386,7/31/2018,13,230.89,False,Tuesday,77
387,7/31/2018,14,137.45,False,Tuesday,77
388,7/31/2018,15,173.61,False,Tuesday,77
389,7/31/2018,16,111.55,False,Tuesday,77
390,7/31/2018,17,92.52,False,Tuesday,77
391,7/31/2018,18,75.12,False,Tuesday,77
392,7/31/2018,19,93.74,False,Tuesday,77
393,7/31/2018,20,84.17,False,Tuesday,77
394,7/31/2018,21,153.43,False,Tuesday,77
395,8/1/2018,7,38.16,False,Wednesday,79
396,8/1/2018,8,189.0,False,Wednesday,79
397,8/1/2018,9,106.74,False,Wednesday,79
398,8/1/2018,10,106.42,False,Wednesday,79
399,8/1/2018,11,123.97,False,Wednesday,79
400,8/1/2018,12,98.87,False,Wednesday,79
401,8/1/2018,13,257.2,False,Wednesday,79
402,8/1/2018,14,404.42,False,Wednesday,79
403,8/1/2018,15,96.42,False,Wednesday,79
404,8/1/2018,16,92.01,False,Wednesday,79
405,8/1/2018,17,101.27,False,Wednesday,79
406,8/1/2018,18,92.14,False,Wednesday,79
407,8/1/2018,19,93.57,False,Wednesday,79
408,8/1/2018,20,392.08,False,Wednesday,79
409,8/1/2018,21,71.38,False,Wednesday,79
410,8/2/2018,7,71.09,False,Thursday,69
411,8/2/2018,8,111.24,False,Thursday,69
412,8/2/2018,9,88.98,False,Thursday,69
413,8/2/2018,10,87.61,False,Thursday,69
414,8/2/2018,11,145.85,False,Thursday,69
415,8/2/2018,12,118.59,False,Thursday,69
416,8/2/2018,13,181.2,False,Thursday,69
417,8/2/2018,14,86.79,False,Thursday,69
418,8/2/2018,15,74.06,False,Thursday,69
419,8/2/2018,16,111.82,False,Thursday,69
420,8/2/2018,17,143.14,False,Thursday,69
421,8/2/2018,18,79.19,False,Thursday,69
422,8/2/2018,19,97.9,False,Thursday,69
423,8/2/2018,20,81.29,False,Thursday,69
424,8/2/2018,21,64.16,False,Thursday,69
425,8/2/2018,22,16.14,False,Thursday,69
426,8/3/2018,7,58.08,False,Friday,75
427,8/3/2018,8,158.1,False,Friday,75
428,8/3/2018,9,98.75,False,Friday,75
429,8/3/2018,10,193.44,False,Friday,75
430,8/3/2018,11,203.09,False,Friday,75
431,8/3/2018,12,141.83,False,Friday,75
432,8/3/2018,13,144.19,False,Friday,75
433,8/3/2018,14,143.05,False,Friday,75
434,8/3/2018,15,86.39,False,Friday,75
435,8/3/2018,16,150.07,False,Friday,75
436,8/3/2018,17,81.66,False,Friday,75
437,8/3/2018,18,84.52,False,Friday,75
438,8/3/2018,19,146.28,False,Friday,75
439,8/3/2018,20,9.43,False,Friday,75
440,8/3/2018,21,113.69,False,Friday,75
441,8/4/2018,8,39.22,False,Saturday,73
442,8/4/2018,9,34.96,False,Saturday,73
443,8/4/2018,10,105.4,False,Saturday,73
444,8/4/2018,11,212.48,False,Saturday,73
445,8/4/2018,12,115.2,False,Saturday,73
446,8/4/2018,13,108.72,False,Saturday,73
447,8/4/2018,14,46.91,False,Saturday,73
448,8/4/2018,15,156.48,False,Saturday,73
449,8/4/2018,16,123.69,False,Saturday,73
450,8/4/2018,17,151.21,False,Saturday,73
451,8/4/2018,18,82.53,False,Saturday,73
452,8/4/2018,19,94.39,False,Saturday,73
453,8/4/2018,20,57.9,False,Saturday,73
454,8/4/2018,21,50.71,False,Saturday,73
455,8/4/2018,22,0.0,False,Saturday,73
456,8/6/2018,7,98.15,False,Monday,72
457,8/6/2018,8,105.4,False,Monday,72
458,8/6/2018,9,57.86,False,Monday,72
459,8/6/2018,10,275.89,False,Monday,72
460,8/6/2018,11,97.85,False,Monday,72
461,8/6/2018,12,794.89,False,Monday,72
462,8/6/2018,13,166.99,False,Monday,72
463,8/6/2018,14,106.06,False,Monday,72
464,8/6/2018,15,93.73,False,Monday,72
465,8/6/2018,16,194.39,False,Monday,72
466,8/6/2018,17,107.14,False,Monday,72
467,8/6/2018,18,66.12,False,Monday,72
468,8/6/2018,19,90.65,False,Monday,72
469,8/6/2018,20,65.82,False,Monday,72
470,8/6/2018,21,34.04,False,Monday,72
471,8/7/2018,7,37.26,False,Tuesday,76
472,8/7/2018,8,87.84,False,Tuesday,76
473,8/7/2018,9,74.55,False,Tuesday,76
474,8/7/2018,10,116.15,False,Tuesday,76
475,8/7/2018,11,186.55,False,Tuesday,76
476,8/7/2018,12,146.57,False,Tuesday,76
477,8/7/2018,13,77.54,False,Tuesday,76
478,8/7/2018,14,114.64,False,Tuesday,76
479,8/7/2018,15,86.84,False,Tuesday,76
480,8/7/2018,16,113.94,False,Tuesday,76
481,8/7/2018,17,73.34,False,Tuesday,76
482,8/7/2018,18,91.55,False,Tuesday,76
483,8/7/2018,19,140.94,False,Tuesday,76
484,8/7/2018,20,63.97,False,Tuesday,76
485,8/7/2018,21,66.63,False,Tuesday,76
486,8/8/2018,7,18.7,False,Wednesday,79
487,8/8/2018,8,141.16,False,Wednesday,79
488,8/8/2018,9,100.52,False,Wednesday,79
489,8/8/2018,10,142.97,False,Wednesday,79
490,8/8/2018,11,100.96,False,Wednesday,79
491,8/8/2018,12,86.03,False,Wednesday,79
492,8/8/2018,13,139.47,False,Wednesday,79
493,8/8/2018,14,115.33,False,Wednesday,79
494,8/8/2018,15,282.02,False,Wednesday,79
495,8/8/2018,16,34.41,False,Wednesday,79
496,8/8/2018,17,149.11,False,Wednesday,79
497,8/8/2018,18,116.78,False,Wednesday,79
498,8/8/2018,19,139.57,False,Wednesday,79
499,8/8/2018,20,132.62,False,Wednesday,79
500,8/8/2018,21,25.48,False,Wednesday,79
501,8/9/2018,7,63.09,False,Thursday,81
502,8/9/2018,8,67.23,False,Thursday,81
503,8/9/2018,9,108.32,False,Thursday,81
504,8/9/2018,10,71.91,False,Thursday,81
505,8/9/2018,11,191.85,False,Thursday,81
506,8/9/2018,12,268.58,False,Thursday,81
507,8/9/2018,13,206.57,False,Thursday,81
508,8/9/2018,14,204.63,False,Thursday,81
509,8/9/2018,15,118.63,False,Thursday,81
510,8/9/2018,16,111.49,False,Thursday,81
511,8/9/2018,17,159.74,False,Thursday,81
512,8/9/2018,18,81.13,False,Thursday,81
513,8/9/2018,19,126.9,False,Thursday,81
514,8/9/2018,20,38.58,False,Thursday,81
515,8/9/2018,21,52.16,False,Thursday,81
516,8/10/2018,7,16.43,False,Friday,81
517,8/10/2018,8,52.96,False,Friday,81
518,8/10/2018,9,96.85,False,Friday,81
519,8/10/2018,10,116.37,False,Friday,81
520,8/10/2018,11,175.38,False,Friday,81
521,8/10/2018,12,134.05,False,Friday,81
522,8/10/2018,13,126.02,False,Friday,81
523,8/10/2018,14,128.78,False,Friday,81
524,8/10/2018,15,76.03,False,Friday,81
525,8/10/2018,16,111.74,False,Friday,81
526,8/10/2018,17,141.26,False,Friday,81
527,8/10/2018,18,130.27,False,Friday,81
528,8/10/2018,19,116.19,False,Friday,81
529,8/10/2018,20,174.66,False,Friday,81
530,8/10/2018,21,32.22,False,Friday,81
531,8/11/2018,8,128.73,False,Saturday,81
532,8/11/2018,9,113.6,False,Saturday,81
533,8/11/2018,10,178.48,False,Saturday,81
534,8/11/2018,11,213.35,False,Saturday,81
535,8/11/2018,12,108.18,False,Saturday,81
536,8/11/2018,13,155.38,False,Saturday,81
537,8/11/2018,14,158.03,False,Saturday,81
538,8/11/2018,15,183.42,False,Saturday,81
539,8/11/2018,16,175.36,False,Saturday,81
540,8/11/2018,17,105.99,False,Saturday,81
541,8/11/2018,18,89.55,False,Saturday,81
542,8/11/2018,19,75.29,False,Saturday,81
543,8/11/2018,20,107.5,False,Saturday,81
544,8/11/2018,21,125.7,False,Saturday,81
545,8/13/2018,7,35.11,False,Monday,81
546,8/13/2018,8,102.68,False,Monday,81
547,8/13/2018,9,134.89,False,Monday,81
548,8/13/2018,10,137.6,False,Monday,81
549,8/13/2018,11,78.92,False,Monday,81
550,8/13/2018,12,298.45,False,Monday,81
551,8/13/2018,13,136.73,False,Monday,81
552,8/13/2018,14,195.9,False,Monday,81
553,8/13/2018,15,116.54,False,Monday,81
554,8/13/2018,16,127.27,False,Monday,81
555,8/13/2018,17,88.4,False,Monday,81
556,8/13/2018,18,102.14,False,Monday,81
557,8/13/2018,19,161.2,False,Monday,81
558,8/13/2018,20,57.07,False,Monday,81
559,8/13/2018,21,27.75,False,Monday,81
560,8/14/2018,7,25.87,False,Tuesday,81
561,8/14/2018,8,74.22,False,Tuesday,81
562,8/14/2018,9,123.48,False,Tuesday,81
563,8/14/2018,10,117.44,False,Tuesday,81
564,8/14/2018,11,129.52,False,Tuesday,81
565,8/14/2018,12,175.99,False,Tuesday,81
566,8/14/2018,13,92.87,False,Tuesday,81
567,8/14/2018,14,95.73,False,Tuesday,81
568,8/14/2018,15,114.88,False,Tuesday,81
569,8/14/2018,16,176.51,False,Tuesday,81
570,8/14/2018,17,49.93,False,Tuesday,81
571,8/14/2018,18,81.32,False,Tuesday,81
572,8/14/2018,19,85.46,False,Tuesday,81
573,8/14/2018,20,162.12,False,Tuesday,81
574,8/14/2018,21,49.24,False,Tuesday,81
575,8/15/2018,7,58.03,False,Wednesday,81
576,8/15/2018,8,93.05,False,Wednesday,81
577,8/15/2018,9,73.96,False,Wednesday,81
578,8/15/2018,10,121.25,False,Wednesday,81
579,8/15/2018,11,109.75,False,Wednesday,81
580,8/15/2018,12,150.96,False,Wednesday,81
581,8/15/2018,13,201.7,False,Wednesday,81
582,8/15/2018,14,121.49,False,Wednesday,81
583,8/15/2018,15,115.02,False,Wednesday,81
584,8/15/2018,16,84.97,False,Wednesday,81
585,8/15/2018,17,125.21,False,Wednesday,81
586,8/15/2018,18,90.12,False,Wednesday,81
587,8/15/2018,19,89.71,False,Wednesday,81
588,8/15/2018,20,77.91,False,Wednesday,81
589,8/15/2018,21,74.75,False,Wednesday,81
590,8/16/2018,7,61.91,False,Thursday,81
591,8/16/2018,8,120.19,False,Thursday,81
592,8/16/2018,9,84.24,False,Thursday,81
593,8/16/2018,10,176.91,False,Thursday,81
594,8/16/2018,11,145.66,False,Thursday,81
595,8/16/2018,12,89.77,False,Thursday,81
596,8/16/2018,13,83.1,False,Thursday,81
597,8/16/2018,14,177.4,False,Thursday,81
598,8/16/2018,15,174.76,False,Thursday,81
599,8/16/2018,16,92.1,False,Thursday,81
600,8/16/2018,17,110.62,False,Thursday,81
601,8/16/2018,18,104.68,False,Thursday,81
602,8/16/2018,19,78.31,False,Thursday,81
603,8/16/2018,20,83.84,False,Thursday,81
604,8/16/2018,21,14.28,False,Thursday,81
605,8/17/2018,7,99.97,False,Friday,81
606,8/17/2018,8,128.31,False,Friday,81
607,8/17/2018,9,125.85,False,Friday,81
608,8/17/2018,10,160.48,False,Friday,81
609,8/17/2018,11,166.69,False,Friday,81
610,8/17/2018,12,241.46,False,Friday,81
611,8/17/2018,13,110.0,False,Friday,81
612,8/17/2018,14,179.95,False,Friday,81
613,8/17/2018,15,145.82,False,Friday,81
614,8/17/2018,16,84.43,False,Friday,81
615,8/17/2018,17,117.06,False,Friday,81
616,8/17/2018,18,49.51,False,Friday,81
617,8/17/2018,19,70.6,False,Friday,81
618,8/17/2018,20,92.36,False,Friday,81
619,8/17/2018,21,186.61,False,Friday,81
620,8/17/2018,22,10.02,False,Friday,81
621,8/18/2018,8,109.1,False,Saturday,81
622,8/18/2018,9,80.33,False,Saturday,81
623,8/18/2018,10,109.73,False,Saturday,81
624,8/18/2018,11,133.0,False,Saturday,81
625,8/18/2018,12,144.09,False,Saturday,81
626,8/18/2018,13,161.78,False,Saturday,81
627,8/18/2018,14,110.49,False,Saturday,81
628,8/18/2018,15,59.36,False,Saturday,81
629,8/18/2018,16,227.92,False,Saturday,81
630,8/18/2018,17,91.16,False,Saturday,81
631,8/18/2018,18,82.92,False,Saturday,81
632,8/18/2018,19,58.75,False,Saturday,81
633,8/18/2018,20,57.53,False,Saturday,81
634,8/18/2018,21,110.25,False,Saturday,81
635,8/18/2018,22,7.49,False,Saturday,81
636,8/20/2018,7,95.63,False,Monday,81
637,8/20/2018,8,92.51,False,Monday,81
638,8/20/2018,9,127.03,False,Monday,81
639,8/20/2018,10,109.35,False,Monday,81
640,8/20/2018,11,101.6,False,Monday,81
641,8/20/2018,12,164.77,False,Monday,81
642,8/20/2018,13,151.21,False,Monday,81
643,8/20/2018,14,110.39,False,Monday,81
644,8/20/2018,15,162.47,False,Monday,81
645,8/20/2018,16,134.85,False,Monday,81
646,8/20/2018,17,86.53,False,Monday,81
647,8/20/2018,18,96.49,False,Monday,81
648,8/20/2018,19,144.58,False,Monday,81
649,8/20/2018,20,76.47,False,Monday,81
650,8/20/2018,21,12.4,False,Monday,81
651,8/20/2018,22,0.0,False,Monday,81
652,8/21/2018,7,67.84,False,Tuesday,81
653,8/21/2018,8,115.08,False,Tuesday,81
654,8/21/2018,9,81.96,False,Tuesday,81
655,8/21/2018,10,51.11,False,Tuesday,81
656,8/21/2018,11,67.62,False,Tuesday,81
657,8/21/2018,12,104.49,False,Tuesday,81
658,8/21/2018,13,83.21,False,Tuesday,81
659,8/21/2018,14,81.97,False,Tuesday,81
660,8/21/2018,15,84.5,False,Tuesday,81
661,8/21/2018,16,64.01,False,Tuesday,81
662,8/21/2018,17,44.27,False,Tuesday,81
663,8/21/2018,18,106.37,False,Tuesday,81
664,8/21/2018,19,57.7,False,Tuesday,81
665,8/21/2018,20,56.56,False,Tuesday,81
666,8/21/2018,21,35.27,False,Tuesday,81
667,8/22/2018,7,30.23,False,Wednesday,81
668,8/22/2018,8,138.43,False,Wednesday,81
669,8/22/2018,9,482.34,False,Wednesday,81
670,8/22/2018,10,185.88,False,Wednesday,81
671,8/22/2018,11,157.33,False,Wednesday,81
672,8/22/2018,12,90.98,False,Wednesday,81
673,8/22/2018,13,105.01,False,Wednesday,81
674,8/22/2018,14,29.97,False,Wednesday,81
675,8/22/2018,15,80.07,False,Wednesday,81
676,8/22/2018,16,68.81,False,Wednesday,81
677,8/22/2018,17,78.64,False,Wednesday,81
678,8/22/2018,18,61.31,False,Wednesday,81
679,8/22/2018,19,118.55,False,Wednesday,81
680,8/22/2018,20,30.66,False,Wednesday,81
681,8/22/2018,21,68.26,False,Wednesday,81
682,8/23/2018,7,829.44,False,Thursday,81
683,8/23/2018,8,84.05,False,Thursday,81
684,8/23/2018,9,84.48,False,Thursday,81
685,8/23/2018,10,43.07,False,Thursday,81
686,8/23/2018,11,122.86,False,Thursday,81
687,8/23/2018,12,28.99,False,Thursday,81
688,8/23/2018,13,89.77,False,Thursday,81
689,8/23/2018,14,148.29,False,Thursday,81
690,8/23/2018,15,69.7,False,Thursday,81
691,8/23/2018,16,82.04,False,Thursday,81
692,8/23/2018,17,119.36,False,Thursday,81
693,8/23/2018,18,103.3,False,Thursday,81
694,8/23/2018,19,113.57,False,Thursday,81
695,8/23/2018,20,145.73,False,Thursday,81
696,8/23/2018,21,15.14,False,Thursday,81
697,8/24/2018,7,49.74,False,Friday,81
698,8/24/2018,8,143.63,False,Friday,81
699,8/24/2018,9,111.09,False,Friday,81
700,8/24/2018,10,185.58,False,Friday,81
701,8/24/2018,11,120.46,False,Friday,81
702,8/24/2018,12,104.39,False,Friday,81
703,8/24/2018,13,122.99,False,Friday,81
704,8/24/2018,14,178.85,False,Friday,81
705,8/24/2018,15,76.45,False,Friday,81
706,8/24/2018,16,128.62,False,Friday,81
707,8/24/2018,17,90.23,False,Friday,81
708,8/24/2018,18,102.46,False,Friday,81
709,8/24/2018,19,149.54,False,Friday,81
710,8/24/2018,20,94.23,False,Friday,81
711,8/24/2018,21,51.76,False,Friday,81
712,8/24/2018,22,10.02,False,Friday,81
713,8/25/2018,8,40.88,False,Saturday,81
714,8/25/2018,9,100.97,False,Saturday,81
715,8/25/2018,10,123.79,False,Saturday,81
716,8/25/2018,11,106.64,False,Saturday,81
717,8/25/2018,12,85.64,False,Saturday,81
718,8/25/2018,13,87.55,False,Saturday,81
719,8/25/2018,14,183.49,False,Saturday,81
720,8/25/2018,15,167.63,False,Saturday,81
721,8/25/2018,16,163.36,False,Saturday,81
722,8/25/2018,17,123.7,False,Saturday,81
723,8/25/2018,18,111.89,False,Saturday,81
724,8/25/2018,19,98.04,False,Saturday,81
725,8/25/2018,20,113.42,False,Saturday,81
726,8/25/2018,21,95.21,False,Saturday,81
727,8/25/2018,22,15.03,False,Saturday,81
728,8/27/2018,7,70.35,False,Monday,81
729,8/27/2018,8,91.44,False,Monday,81
730,8/27/2018,9,468.4,False,Monday,81
731,8/27/2018,10,84.51,False,Monday,81
732,8/27/2018,11,131.61,False,Monday,81
733,8/27/2018,12,73.1,False,Monday,81
734,8/27/2018,13,89.6,False,Monday,81
735,8/27/2018,14,141.1,False,Monday,81
736,8/27/2018,15,68.74,False,Monday,81
737,8/27/2018,16,79.35,False,Monday,81
738,8/27/2018,17,123.93,False,Monday,81
739,8/27/2018,18,61.71,False,Monday,81
740,8/27/2018,19,74.66,False,Monday,81
741,8/27/2018,20,78.66,False,Monday,81
742,8/27/2018,21,6.2,False,Monday,81
743,8/28/2018,7,66.86,False,Tuesday,81
744,8/28/2018,8,40.35,False,Tuesday,81
745,8/28/2018,9,73.84,False,Tuesday,81
746,8/28/2018,10,87.41,False,Tuesday,81
747,8/28/2018,11,80.12,False,Tuesday,81
748,8/28/2018,12,138.97,False,Tuesday,81
749,8/28/2018,13,87.68,False,Tuesday,81
750,8/28/2018,14,85.36,False,Tuesday,81
751,8/28/2018,15,104.65,False,Tuesday,81
752,8/28/2018,16,116.66,False,Tuesday,81
753,8/28/2018,17,145.64,False,Tuesday,81
754,8/28/2018,18,77.12,False,Tuesday,81
755,8/28/2018,19,92.07,False,Tuesday,81
756,8/28/2018,20,98.47,False,Tuesday,81
757,8/28/2018,21,25.28,False,Tuesday,81
758,8/29/2018,7,34.64,False,Wednesday,81
759,8/29/2018,8,41.3,False,Wednesday,81
760,8/29/2018,9,103.04,False,Wednesday,81
761,8/29/2018,10,78.79,False,Wednesday,81
762,8/29/2018,11,112.05,False,Wednesday,81
763,8/29/2018,12,209.18,False,Wednesday,81
764,8/29/2018,13,44.89,False,Wednesday,81
765,8/29/2018,14,123.76,False,Wednesday,81
766,8/29/2018,15,87.72,False,Wednesday,81
767,8/29/2018,16,138.89,False,Wednesday,81
768,8/29/2018,17,25.27,False,Wednesday,81
769,8/29/2018,18,39.93,False,Wednesday,81
770,8/29/2018,19,33.78,False,Wednesday,81
771,8/29/2018,20,86.46,False,Wednesday,81
772,8/29/2018,21,80.81,False,Wednesday,81
773,8/30/2018,7,46.39,False,Thursday,81
774,8/30/2018,8,135.57,False,Thursday,81
775,8/30/2018,9,138.15,False,Thursday,81
776,8/30/2018,10,211.01,False,Thursday,81
777,8/30/2018,11,54.28,False,Thursday,81
778,8/30/2018,12,68.71,False,Thursday,81
779,8/30/2018,13,81.15,False,Thursday,81
780,8/30/2018,14,118.42,False,Thursday,81
781,8/30/2018,15,122.74,False,Thursday,81
782,8/30/2018,16,132.55,False,Thursday,81
783,8/30/2018,17,105.83,False,Thursday,81
784,8/30/2018,18,84.54,False,Thursday,81
785,8/30/2018,19,47.11,False,Thursday,81
786,8/30/2018,20,48.0,False,Thursday,81
787,8/30/2018,21,35.13,False,Thursday,81
788,8/30/2018,22,14.87,False,Thursday,81
789,8/31/2018,7,13.47,False,Friday,81
790,8/31/2018,8,64.42,False,Friday,81
791,8/31/2018,9,120.36,False,Friday,81
792,8/31/2018,10,112.09,False,Friday,81
793,8/31/2018,11,62.13,False,Friday,81
794,8/31/2018,12,139.5,False,Friday,81
795,8/31/2018,13,88.13,False,Friday,81
796,8/31/2018,14,87.91,False,Friday,81
797,8/31/2018,15,149.98,False,Friday,81
798,8/31/2018,16,93.61,False,Friday,81
799,8/31/2018,17,252.4,False,Friday,81
800,8/31/2018,18,183.82,False,Friday,81
801,8/31/2018,19,62.46,False,Friday,81
802,8/31/2018,20,117.46,False,Friday,81
803,8/31/2018,21,19.73,False,Friday,81
804,8/31/2018,22,8.03,False,Friday,81
805,8/1/2018,7,0.0,False,Wednesday,79
806,8/1/2018,8,72.99,False,Wednesday,79
807,8/1/2018,9,38.47,False,Wednesday,79
808,8/1/2018,10,115.36,False,Wednesday,79
809,8/1/2018,11,174.2,False,Wednesday,79
810,8/1/2018,12,188.84,False,Wednesday,79
811,8/1/2018,13,79.99,False,Wednesday,79
812,8/1/2018,14,145.39,False,Wednesday,79
813,8/1/2018,15,58.07,False,Wednesday,79
814,8/1/2018,16,117.51,False,Wednesday,79
815,8/1/2018,17,128.13,False,Wednesday,79
816,8/1/2018,18,185.59,False,Wednesday,79
817,8/1/2018,19,39.65,False,Wednesday,79
818,8/1/2018,20,99.23,False,Wednesday,79
819,8/1/2018,21,31.2,False,Wednesday,79
820,8/3/2018,7,6.2,False,Friday,75
821,8/3/2018,8,35.29,False,Friday,75
822,8/3/2018,9,72.71,False,Friday,75
823,8/3/2018,10,54.41,False,Friday,75
824,8/3/2018,11,85.59,False,Friday,75
825,8/3/2018,12,66.27,False,Friday,75
826,8/3/2018,13,108.74,False,Friday,75
827,8/3/2018,14,195.01,False,Friday,75
828,8/3/2018,15,234.96,False,Friday,75
829,8/3/2018,16,136.28,False,Friday,75
830,8/3/2018,17,67.01,False,Friday,75
831,8/3/2018,18,59.82,False,Friday,75
832,8/3/2018,19,66.88,False,Friday,75
833,8/3/2018,20,133.53,False,Friday,75
834,8/3/2018,21,44.21,False,Friday,75
835,8/4/2018,7,6.2,False,Saturday,73
836,8/4/2018,9,152.42,False,Saturday,73
837,8/4/2018,10,142.26,False,Saturday,73
838,8/4/2018,11,61.3,False,Saturday,73
839,8/4/2018,12,80.06,False,Saturday,73
840,8/4/2018,13,58.37,False,Saturday,73
841,8/4/2018,14,80.12,False,Saturday,73
842,8/4/2018,15,77.07,False,Saturday,73
843,8/4/2018,16,71.01,False,Saturday,73
844,8/4/2018,17,126.95,False,Saturday,73
845,8/4/2018,18,104.96,False,Saturday,73
846,8/4/2018,19,107.53,False,Saturday,73
847,8/4/2018,20,32.5,False,Saturday,73
848,8/4/2018,21,22.96,False,Saturday,73
849,8/4/2018,22,6.2,False,Saturday,73
850,8/5/2018,7,52.74,False,Sunday,70
851,8/5/2018,8,353.79,False,Sunday,70
852,8/5/2018,9,124.19,False,Sunday,70
853,8/5/2018,10,108.68,False,Sunday,70
854,8/5/2018,11,96.87,False,Sunday,70
855,8/5/2018,12,80.09,False,Sunday,70
856,8/5/2018,13,116.61,False,Sunday,70
857,8/5/2018,14,548.31,False,Sunday,70
858,8/5/2018,15,26.66,False,Sunday,70
859,8/5/2018,16,98.2,False,Sunday,70
860,8/5/2018,17,80.43,False,Sunday,70
861,8/5/2018,18,35.38,False,Sunday,70
862,8/5/2018,19,75.44,False,Sunday,70
863,8/5/2018,20,25.93,False,Sunday,70
864,8/5/2018,21,5.01,False,Sunday,70
865,8/6/2018,7,41.33,False,Monday,72
866,8/6/2018,8,47.04,False,Monday,72
867,8/6/2018,9,92.2,False,Monday,72
868,8/6/2018,10,49.27,False,Monday,72
869,8/6/2018,11,107.49,False,Monday,72
870,8/6/2018,12,173.86,False,Monday,72
871,8/6/2018,13,86.19,False,Monday,72
872,8/6/2018,14,89.03,False,Monday,72
873,8/6/2018,15,47.43,False,Monday,72
874,8/6/2018,16,65.76,False,Monday,72
875,8/6/2018,17,137.84,False,Monday,72
876,8/6/2018,18,79.08,False,Monday,72
877,8/6/2018,19,102.76,False,Monday,72
878,8/6/2018,20,108.74,False,Monday,72
879,8/6/2018,21,38.48,False,Monday,72
880,8/7/2018,7,21.28,False,Tuesday,76
881,8/7/2018,8,103.38,False,Tuesday,76
882,8/7/2018,9,71.94,False,Tuesday,76
883,8/7/2018,10,129.74,False,Tuesday,76
884,8/7/2018,11,139.19,False,Tuesday,76
885,8/7/2018,12,120.16,False,Tuesday,76
886,8/7/2018,13,141.83,False,Tuesday,76
887,8/7/2018,14,244.2,False,Tuesday,76
888,8/7/2018,15,104.25,False,Tuesday,76
889,8/7/2018,16,126.01,False,Tuesday,76
890,8/7/2018,17,82.87,False,Tuesday,76
891,8/7/2018,18,92.15,False,Tuesday,76
892,8/7/2018,19,129.41,False,Tuesday,76
893,8/7/2018,20,84.63,False,Tuesday,76
894,8/7/2018,21,45.85,False,Tuesday,76
895,8/7/2018,22,13.85,False,Tuesday,76
896,8/8/2018,8,111.1,False,Wednesday,79
897,8/8/2018,9,69.55,False,Wednesday,79
898,8/8/2018,10,53.92,False,Wednesday,79
899,8/8/2018,11,148.55,False,Wednesday,79
900,8/8/2018,12,205.96,False,Wednesday,79
901,8/8/2018,13,92.87,False,Wednesday,79
902,8/8/2018,14,92.77,False,Wednesday,79
903,8/8/2018,15,82.27,False,Wednesday,79
904,8/8/2018,16,87.67,False,Wednesday,79
905,8/8/2018,17,80.65,False,Wednesday,79
906,8/8/2018,18,46.5,False,Wednesday,79
907,8/8/2018,19,52.68,False,Wednesday,79
908,8/8/2018,20,41.91,False,Wednesday,79
909,8/8/2018,21,92.01,False,Wednesday,79
910,8/10/2018,7,83.66,False,Friday,81
911,8/10/2018,8,81.06,False,Friday,81
912,8/10/2018,9,120.31,False,Friday,81
913,8/10/2018,10,74.49,False,Friday,81
914,8/10/2018,11,114.47,False,Friday,81
915,8/10/2018,12,261.15,False,Friday,81
916,8/10/2018,13,108.57,False,Friday,81
917,8/10/2018,14,61.57,False,Friday,81
918,8/10/2018,15,54.9,False,Friday,81
919,8/10/2018,16,103.54,False,Friday,81
920,8/10/2018,17,127.77,False,Friday,81
921,8/10/2018,18,99.73,False,Friday,81
922,8/10/2018,19,39.76,False,Friday,81
923,8/10/2018,20,81.55,False,Friday,81
924,8/10/2018,21,14.65,False,Friday,81
925,8/11/2018,7,70.69,False,Saturday,81
926,8/11/2018,8,77.84,False,Saturday,81
927,8/11/2018,9,67.43,False,Saturday,81
928,8/11/2018,10,72.3,False,Saturday,81
929,8/11/2018,11,37.47,False,Saturday,81
930,8/11/2018,12,101.17,False,Saturday,81
931,8/11/2018,13,64.07,False,Saturday,81
932,8/11/2018,14,100.3,False,Saturday,81
933,8/11/2018,15,152.34,False,Saturday,81
934,8/11/2018,16,108.02,False,Saturday,81
935,8/11/2018,17,30.74,False,Saturday,81
936,8/11/2018,18,63.01,False,Saturday,81
937,8/11/2018,19,53.5,False,Saturday,81
938,8/11/2018,20,102.56,False,Saturday,81
939,8/11/2018,21,6.2,False,Saturday,81
940,8/12/2018,7,33.06,False,Sunday,81
941,8/12/2018,8,94.43,False,Sunday,81
942,8/12/2018,9,91.1,False,Sunday,81
943,8/12/2018,10,137.05,False,Sunday,81
944,8/12/2018,11,139.26,False,Sunday,81
945,8/12/2018,12,105.81,False,Sunday,81
946,8/12/2018,13,78.86,False,Sunday,81
947,8/12/2018,14,98.45,False,Sunday,81
948,8/12/2018,15,147.43,False,Sunday,81
949,8/12/2018,16,74.43,False,Sunday,81
950,8/12/2018,17,69.84,False,Sunday,81
951,8/12/2018,18,57.46,False,Sunday,81
952,8/12/2018,19,79.45,False,Sunday,81
953,8/12/2018,20,100.19,False,Sunday,81
954,8/12/2018,21,35.34,False,Sunday,81
955,8/12/2018,22,10.23,False,Sunday,81
956,8/13/2018,7,47.85,False,Monday,81
957,8/13/2018,8,119.29,False,Monday,81
958,8/13/2018,9,38.52,False,Monday,81
959,8/13/2018,10,67.18,False,Monday,81
960,8/13/2018,11,111.82,False,Monday,81
961,8/13/2018,12,76.45,False,Monday,81
962,8/13/2018,13,73.1,False,Monday,81
963,8/13/2018,14,74.73,False,Monday,81
964,8/13/2018,15,62.57,False,Monday,81
965,8/13/2018,16,74.87,False,Monday,81
966,8/13/2018,17,31.08,False,Monday,81
967,8/13/2018,18,100.53,False,Monday,81
968,8/13/2018,19,83.17,False,Monday,81
969,8/13/2018,20,91.74,False,Monday,81
970,8/14/2018,7,35.33,False,Tuesday,81
971,8/14/2018,8,191.44,False,Tuesday,81
972,8/14/2018,9,99.79,False,Tuesday,81
973,8/14/2018,10,77.06,False,Tuesday,81
974,8/14/2018,11,113.45,False,Tuesday,81
975,8/14/2018,12,119.05,False,Tuesday,81
976,8/14/2018,13,105.3,False,Tuesday,81
977,8/14/2018,14,106.89,False,Tuesday,81
978,8/14/2018,15,72.79,False,Tuesday,81
979,8/14/2018,16,109.73,False,Tuesday,81
980,8/14/2018,17,41.93,False,Tuesday,81
