date,hour,sales,holiday,dow,weather
7/2/2018,7,34.31,FALSE,Monday,75
7/2/2018,8,81.24,FALSE,Monday,75
7/2/2018,9,71.86,FALSE,Monday,75
7/2/2018,10,126.51,FALSE,Monday,75
7/2/2018,11,134.75,FALSE,Monday,75
7/2/2018,12,139.05,FALSE,Monday,75
7/2/2018,13,101.75,FALSE,Monday,75
7/2/2018,14,117.85,FALSE,Monday,75
7/2/2018,15,126.24,FALSE,Monday,75
7/2/2018,16,28.35,FALSE,Monday,75
7/2/2018,17,67.11,FALSE,Monday,75
7/2/2018,18,33.67,FALSE,Monday,75
7/2/2018,19,103.37,FALSE,Monday,75
7/2/2018,20,147.88,FALSE,Monday,75
7/2/2018,21,84.62,FALSE,Monday,75
7/2/2018,22,11.37,FALSE,Monday,75
7/3/2018,7,48.12,FALSE,Tuesday,70
7/3/2018,8,101.76,FALSE,Tuesday,70
7/3/2018,9,114.31,FALSE,Tuesday,70
7/3/2018,10,51.6,FALSE,Tuesday,70
7/3/2018,11,118.38,FALSE,Tuesday,70
7/3/2018,12,61.45,FALSE,Tuesday,70
7/3/2018,13,348.66,FALSE,Tuesday,70
7/3/2018,14,131.28,FALSE,Tuesday,70
7/3/2018,15,158.38,FALSE,Tuesday,70
7/3/2018,16,109.37,FALSE,Tuesday,70
7/3/2018,17,70.07,FALSE,Tuesday,70
7/3/2018,18,106.86,FALSE,Tuesday,70
7/3/2018,19,92.63,FALSE,Tuesday,70
7/3/2018,20,33.24,FALSE,Tuesday,70
7/3/2018,21,22.26,FALSE,Tuesday,70
7/4/2018,7,33.07,TRUE,Wednesday,75
7/4/2018,8,50.68,TRUE,Wednesday,75
7/4/2018,9,93.67,TRUE,Wednesday,75
7/4/2018,10,98.65,TRUE,Wednesday,75
7/4/2018,11,37.23,TRUE,Wednesday,75
7/4/2018,12,153,TRUE,Wednesday,75
7/4/2018,13,63.14,TRUE,Wednesday,75
7/4/2018,14,87.95,TRUE,Wednesday,75
7/4/2018,15,154.03,TRUE,Wednesday,75
7/4/2018,16,111.89,TRUE,Wednesday,75
7/4/2018,17,130.84,TRUE,Wednesday,75
7/4/2018,18,77.81,TRUE,Wednesday,75
7/5/2018,7,20.46,FALSE,Thursday,81
7/5/2018,8,73.71,FALSE,Thursday,81
7/5/2018,9,82.27,FALSE,Thursday,81
7/5/2018,10,49.13,FALSE,Thursday,81
7/5/2018,11,173.85,FALSE,Thursday,81
7/5/2018,12,147.41,FALSE,Thursday,81
7/5/2018,13,92.61,FALSE,Thursday,81
7/5/2018,14,48.95,FALSE,Thursday,81
7/5/2018,15,156.48,FALSE,Thursday,81
7/5/2018,16,136.02,FALSE,Thursday,81
7/5/2018,17,114.42,FALSE,Thursday,81
7/5/2018,18,75.29,FALSE,Thursday,81
7/5/2018,19,193.7,FALSE,Thursday,81
7/5/2018,20,52.57,FALSE,Thursday,81
7/5/2018,21,82.89,FALSE,Thursday,81
7/5/2018,22,8.29,FALSE,Thursday,81
7/6/2018,7,51.4,FALSE,Friday,80
7/6/2018,8,159.65,FALSE,Friday,80
7/6/2018,9,94.22,FALSE,Friday,80
7/6/2018,10,134.61,FALSE,Friday,80
7/6/2018,11,101.66,FALSE,Friday,80
7/6/2018,12,184.25,FALSE,Friday,80
7/6/2018,13,76.83,FALSE,Friday,80
7/6/2018,14,131.92,FALSE,Friday,80
7/6/2018,15,117.68,FALSE,Friday,80
7/6/2018,16,126.31,FALSE,Friday,80
7/6/2018,17,72.03,FALSE,Friday,80
7/6/2018,18,121.81,FALSE,Friday,80
7/6/2018,19,87.6,FALSE,Friday,80
7/6/2018,20,82.1,FALSE,Friday,80
7/6/2018,21,142.56,FALSE,Friday,80
7/6/2018,22,92.33,FALSE,Friday,80
7/7/2018,8,61.43,FALSE,Saturday,76
7/7/2018,9,71.79,FALSE,Saturday,76
7/7/2018,10,150.98,FALSE,Saturday,76
7/7/2018,11,163.24,FALSE,Saturday,76
7/7/2018,12,143.21,FALSE,Saturday,76
7/7/2018,13,85,FALSE,Saturday,76
7/7/2018,14,113.18,FALSE,Saturday,76
7/7/2018,15,135.23,FALSE,Saturday,76
7/7/2018,16,64.6,FALSE,Saturday,76
7/7/2018,17,95.98,FALSE,Saturday,76
7/7/2018,18,80.68,FALSE,Saturday,76
7/7/2018,19,116.62,FALSE,Saturday,76
7/7/2018,20,166.11,FALSE,Saturday,76
7/7/2018,21,69.67,FALSE,Saturday,76
7/7/2018,22,61.64,FALSE,Saturday,76
7/9/2018,7,13.08,FALSE,Monday,77
7/9/2018,8,38.64,FALSE,Monday,77
7/9/2018,9,276.11,FALSE,Monday,77
7/9/2018,10,96.49,FALSE,Monday,77
7/9/2018,11,180.22,FALSE,Monday,77
7/9/2018,12,190.74,FALSE,Monday,77
7/9/2018,13,305.05,FALSE,Monday,77
7/9/2018,14,144.66,FALSE,Monday,77
7/9/2018,15,118.34,FALSE,Monday,77
7/9/2018,16,179.23,FALSE,Monday,77
7/9/2018,17,87.78,FALSE,Monday,77
7/9/2018,18,71.63,FALSE,Monday,77
7/9/2018,19,133.38,FALSE,Monday,77
7/9/2018,20,109.25,FALSE,Monday,77
7/9/2018,21,32.44,FALSE,Monday,77
7/10/2018,7,26.7,FALSE,Tuesday,77
7/10/2018,8,67.81,FALSE,Tuesday,77
7/10/2018,9,119.37,FALSE,Tuesday,77
7/10/2018,10,142.14,FALSE,Tuesday,77
7/10/2018,11,85.66,FALSE,Tuesday,77
7/10/2018,12,75.55,FALSE,Tuesday,77
7/10/2018,13,67.97,FALSE,Tuesday,77
7/10/2018,14,145.18,FALSE,Tuesday,77
7/10/2018,15,133.59,FALSE,Tuesday,77
7/10/2018,16,107.09,FALSE,Tuesday,77
7/10/2018,17,72.86,FALSE,Tuesday,77
7/10/2018,18,71.84,FALSE,Tuesday,77
7/10/2018,19,89.34,FALSE,Tuesday,77
7/10/2018,20,146.21,FALSE,Tuesday,77
7/10/2018,21,66.88,FALSE,Tuesday,77
7/11/2018,7,37.87,FALSE,Wednesday,77
7/11/2018,8,100.88,FALSE,Wednesday,77
7/11/2018,9,50.17,FALSE,Wednesday,77
7/11/2018,10,133.89,FALSE,Wednesday,77
7/11/2018,11,131.5,FALSE,Wednesday,77
7/11/2018,12,70.09,FALSE,Wednesday,77
7/11/2018,13,106.16,FALSE,Wednesday,77
7/11/2018,14,109.08,FALSE,Wednesday,77
7/11/2018,15,130.47,FALSE,Wednesday,77
7/11/2018,16,76.86,FALSE,Wednesday,77
7/11/2018,17,38.74,FALSE,Wednesday,77
7/11/2018,18,75.96,FALSE,Wednesday,77
7/11/2018,19,115.65,FALSE,Wednesday,77
7/11/2018,20,96.02,FALSE,Wednesday,77
7/11/2018,21,73.97,FALSE,Wednesday,77
7/12/2018,7,751.46,FALSE,Thursday,77
7/12/2018,8,126.33,FALSE,Thursday,77
7/12/2018,9,142.7,FALSE,Thursday,77
7/12/2018,10,165.27,FALSE,Thursday,77
7/12/2018,11,140.97,FALSE,Thursday,77
7/12/2018,12,171.62,FALSE,Thursday,77
7/12/2018,13,96.77,FALSE,Thursday,77
7/12/2018,14,153.17,FALSE,Thursday,77
7/12/2018,15,63.18,FALSE,Thursday,77
7/12/2018,16,100.92,FALSE,Thursday,77
7/12/2018,17,138.66,FALSE,Thursday,77
7/12/2018,18,41.96,FALSE,Thursday,77
7/12/2018,19,101.1,FALSE,Thursday,77
7/12/2018,20,66.92,FALSE,Thursday,77
7/12/2018,21,77.84,FALSE,Thursday,77
7/13/2018,7,76.04,FALSE,Friday,77
7/13/2018,8,188.53,FALSE,Friday,77
7/13/2018,9,89.61,FALSE,Friday,77
7/13/2018,10,116.07,FALSE,Friday,77
7/13/2018,11,130.95,FALSE,Friday,77
7/13/2018,12,186.97,FALSE,Friday,77
7/13/2018,13,71.71,FALSE,Friday,77
7/13/2018,14,121.9,FALSE,Friday,77
7/13/2018,15,134.29,FALSE,Friday,77
7/13/2018,16,108.57,FALSE,Friday,77
7/13/2018,17,104.5,FALSE,Friday,77
7/13/2018,18,89.64,FALSE,Friday,77
7/13/2018,19,90.95,FALSE,Friday,77
7/13/2018,20,41.7,FALSE,Friday,77
7/13/2018,21,92.63,FALSE,Friday,77
7/14/2018,8,22.62,FALSE,Saturday,77
7/14/2018,9,169.89,FALSE,Saturday,77
7/14/2018,10,125.26,FALSE,Saturday,77
7/14/2018,11,132.02,FALSE,Saturday,77
7/14/2018,12,162.82,FALSE,Saturday,77
7/14/2018,13,95.88,FALSE,Saturday,77
7/14/2018,14,93.25,FALSE,Saturday,77
7/14/2018,15,82.05,FALSE,Saturday,77
7/14/2018,16,74.21,FALSE,Saturday,77
7/14/2018,17,146.32,FALSE,Saturday,77
7/14/2018,18,103.6,FALSE,Saturday,77
7/14/2018,19,142.17,FALSE,Saturday,77
7/14/2018,20,115.61,FALSE,Saturday,77
7/14/2018,21,98.88,FALSE,Saturday,77
7/14/2018,22,24.73,FALSE,Saturday,77
7/16/2018,7,28.38,FALSE,Monday,77
7/16/2018,8,243.6,FALSE,Monday,77
7/16/2018,9,96.21,FALSE,Monday,77
7/16/2018,10,182.5,FALSE,Monday,77
7/16/2018,11,156.69,FALSE,Monday,77
7/16/2018,12,173.21,FALSE,Monday,77
7/16/2018,13,132.37,FALSE,Monday,77
7/16/2018,14,135.93,FALSE,Monday,77
7/16/2018,15,173.57,FALSE,Monday,77
7/16/2018,16,214.53,FALSE,Monday,77
7/16/2018,17,78.59,FALSE,Monday,77
7/16/2018,18,67.59,FALSE,Monday,77
7/16/2018,19,133.01,FALSE,Monday,77
7/16/2018,20,69.15,FALSE,Monday,77
7/16/2018,21,74.75,FALSE,Monday,77
7/16/2018,22,11.21,FALSE,Monday,77
7/17/2018,7,54.22,FALSE,Tuesday,77
7/17/2018,8,169.44,FALSE,Tuesday,77
7/17/2018,9,134.06,FALSE,Tuesday,77
7/17/2018,10,86.64,FALSE,Tuesday,77
7/17/2018,11,118.29,FALSE,Tuesday,77
7/17/2018,12,482.68,FALSE,Tuesday,77
7/17/2018,13,120.85,FALSE,Tuesday,77
7/17/2018,14,115.85,FALSE,Tuesday,77
7/17/2018,15,105.65,FALSE,Tuesday,77
7/17/2018,16,129.68,FALSE,Tuesday,77
7/17/2018,17,100.43,FALSE,Tuesday,77
7/17/2018,18,49.5,FALSE,Tuesday,77
7/17/2018,19,67.58,FALSE,Tuesday,77
7/17/2018,20,77.88,FALSE,Tuesday,77
7/17/2018,21,11.91,FALSE,Tuesday,77
7/17/2018,22,24.73,FALSE,Tuesday,77
7/18/2018,7,68.86,FALSE,Wednesday,77
7/18/2018,8,108.39,FALSE,Wednesday,77
7/18/2018,9,150.79,FALSE,Wednesday,77
7/18/2018,10,126.43,FALSE,Wednesday,77
7/18/2018,11,99.53,FALSE,Wednesday,77
7/18/2018,12,111.58,FALSE,Wednesday,77
7/18/2018,13,147.48,FALSE,Wednesday,77
7/18/2018,14,136.34,FALSE,Wednesday,77
7/18/2018,15,55.8,FALSE,Wednesday,77
7/18/2018,16,118.77,FALSE,Wednesday,77
7/18/2018,17,112.5,FALSE,Wednesday,77
7/18/2018,18,77.01,FALSE,Wednesday,77
7/18/2018,19,63.52,FALSE,Wednesday,77
7/18/2018,20,42.06,FALSE,Wednesday,77
7/18/2018,21,55.58,FALSE,Wednesday,77
7/18/2018,22,6.36,FALSE,Wednesday,77
7/19/2018,7,20.22,FALSE,Thursday,77
7/19/2018,8,107.24,FALSE,Thursday,77
7/19/2018,9,71.6,FALSE,Thursday,77
7/19/2018,10,211.8,FALSE,Thursday,77
7/19/2018,11,96.54,FALSE,Thursday,77
7/19/2018,12,233.21,FALSE,Thursday,77
7/19/2018,13,276.49,FALSE,Thursday,77
7/19/2018,14,66.5,FALSE,Thursday,77
7/19/2018,15,160.23,FALSE,Thursday,77
7/19/2018,16,159.6,FALSE,Thursday,77
7/19/2018,17,90.2,FALSE,Thursday,77
7/19/2018,18,62.47,FALSE,Thursday,77
7/19/2018,19,70.66,FALSE,Thursday,77
7/19/2018,20,49.08,FALSE,Thursday,77
7/19/2018,21,62.51,FALSE,Thursday,77
7/20/2018,7,30.41,FALSE,Friday,77
7/20/2018,8,55.78,FALSE,Friday,77
7/20/2018,9,156.45,FALSE,Friday,77
7/20/2018,10,109.09,FALSE,Friday,77
7/20/2018,11,94.66,FALSE,Friday,77
7/20/2018,12,95.51,FALSE,Friday,77
7/20/2018,13,90.05,FALSE,Friday,77
7/20/2018,14,134.91,FALSE,Friday,77
7/20/2018,15,109.3,FALSE,Friday,77
7/20/2018,16,72.67,FALSE,Friday,77
7/20/2018,17,84.05,FALSE,Friday,77
7/20/2018,18,72.57,FALSE,Friday,77
7/20/2018,19,138.31,FALSE,Friday,77
7/20/2018,20,120.82,FALSE,Friday,77
7/20/2018,21,59.65,FALSE,Friday,77
7/20/2018,22,57.66,FALSE,Friday,77
7/21/2018,8,97.95,FALSE,Saturday,77
7/21/2018,9,126.59,FALSE,Saturday,77
7/21/2018,10,75.9,FALSE,Saturday,77
7/21/2018,11,120.47,FALSE,Saturday,77
7/21/2018,12,118.47,FALSE,Saturday,77
7/21/2018,13,178.75,FALSE,Saturday,77
7/21/2018,14,144.86,FALSE,Saturday,77
7/21/2018,15,87.49,FALSE,Saturday,77
7/21/2018,16,173.18,FALSE,Saturday,77
7/21/2018,17,131.49,FALSE,Saturday,77
7/21/2018,18,115.56,FALSE,Saturday,77
7/21/2018,19,99.18,FALSE,Saturday,77
7/21/2018,20,72.43,FALSE,Saturday,77
7/21/2018,21,37.4,FALSE,Saturday,77
7/23/2018,7,74.17,FALSE,Monday,77
7/23/2018,8,46.02,FALSE,Monday,77
7/23/2018,9,141.84,FALSE,Monday,77
7/23/2018,10,111.44,FALSE,Monday,77
7/23/2018,11,93.35,FALSE,Monday,77
7/23/2018,12,424.51,FALSE,Monday,77
7/23/2018,13,283.56,FALSE,Monday,77
7/23/2018,14,189.78,FALSE,Monday,77
7/23/2018,15,155.56,FALSE,Monday,77
7/23/2018,16,76.62,FALSE,Monday,77
7/23/2018,17,107.97,FALSE,Monday,77
7/23/2018,18,84.01,FALSE,Monday,77
7/23/2018,19,55.05,FALSE,Monday,77
7/23/2018,20,57.27,FALSE,Monday,77
7/23/2018,21,133.87,FALSE,Monday,77
7/23/2018,22,10.02,FALSE,Monday,77
7/24/2018,8,61.49,FALSE,Tuesday,77
7/24/2018,9,64.95,FALSE,Tuesday,77
7/24/2018,10,108.48,FALSE,Tuesday,77
7/24/2018,11,102.7,FALSE,Tuesday,77
7/24/2018,12,195.17,FALSE,Tuesday,77
7/24/2018,13,190.86,FALSE,Tuesday,77
7/24/2018,14,164.29,FALSE,Tuesday,77
7/24/2018,15,126.43,FALSE,Tuesday,77
7/24/2018,16,165.59,FALSE,Tuesday,77
7/24/2018,17,156.02,FALSE,Tuesday,77
7/24/2018,18,150.18,FALSE,Tuesday,77
7/24/2018,19,218.67,FALSE,Tuesday,77
7/24/2018,20,104.31,FALSE,Tuesday,77
7/24/2018,21,76.9,FALSE,Tuesday,77
7/25/2018,7,37.51,FALSE,Wednesday,77
7/25/2018,8,426,FALSE,Wednesday,77
7/25/2018,9,73.06,FALSE,Wednesday,77
7/25/2018,10,141.02,FALSE,Wednesday,77
7/25/2018,11,58.97,FALSE,Wednesday,77
7/25/2018,12,83.34,FALSE,Wednesday,77
7/25/2018,13,189.71,FALSE,Wednesday,77
7/25/2018,14,121.17,FALSE,Wednesday,77
7/25/2018,15,86.37,FALSE,Wednesday,77
7/25/2018,16,118.42,FALSE,Wednesday,77
7/25/2018,17,103.15,FALSE,Wednesday,77
7/25/2018,18,110.36,FALSE,Wednesday,77
7/25/2018,19,57.21,FALSE,Wednesday,77
7/25/2018,20,105.84,FALSE,Wednesday,77
7/25/2018,21,19.15,FALSE,Wednesday,77
7/25/2018,22,6.2,FALSE,Wednesday,77
7/26/2018,7,807.05,FALSE,Thursday,77
7/26/2018,8,96.39,FALSE,Thursday,77
7/26/2018,9,138.81,FALSE,Thursday,77
7/26/2018,10,151.03,FALSE,Thursday,77
7/26/2018,11,72.58,FALSE,Thursday,77
7/26/2018,12,170.35,FALSE,Thursday,77
7/26/2018,13,211.45,FALSE,Thursday,77
7/26/2018,14,118.86,FALSE,Thursday,77
7/26/2018,15,103.21,FALSE,Thursday,77
7/26/2018,16,77.19,FALSE,Thursday,77
7/26/2018,17,147.86,FALSE,Thursday,77
7/26/2018,18,124.87,FALSE,Thursday,77
7/26/2018,19,93.22,FALSE,Thursday,77
7/26/2018,20,100.24,FALSE,Thursday,77
7/26/2018,21,125.92,FALSE,Thursday,77
7/26/2018,22,13.52,FALSE,Thursday,77
7/27/2018,7,28.31,FALSE,Friday,77
7/27/2018,8,102.29,FALSE,Friday,77
7/27/2018,9,83.74,FALSE,Friday,77
7/27/2018,10,112.28,FALSE,Friday,77
7/27/2018,11,144.96,FALSE,Friday,77
7/27/2018,12,198.03,FALSE,Friday,77
7/27/2018,13,136.73,FALSE,Friday,77
7/27/2018,14,110.59,FALSE,Friday,77
7/27/2018,15,104.94,FALSE,Friday,77
7/27/2018,16,125.7,FALSE,Friday,77
7/27/2018,17,120.89,FALSE,Friday,77
7/27/2018,18,106.33,FALSE,Friday,77
7/27/2018,19,64.11,FALSE,Friday,77
7/27/2018,20,85.37,FALSE,Friday,77
7/27/2018,21,175.33,FALSE,Friday,77
7/27/2018,22,40.25,FALSE,Friday,77
7/28/2018,8,85.89,FALSE,Saturday,77
7/28/2018,9,45.63,FALSE,Saturday,77
7/28/2018,10,55.86,FALSE,Saturday,77
7/28/2018,11,111.79,FALSE,Saturday,77
7/28/2018,12,166.78,FALSE,Saturday,77
7/28/2018,13,123.71,FALSE,Saturday,77
7/28/2018,14,74.15,FALSE,Saturday,77
7/28/2018,15,113.83,FALSE,Saturday,77
7/28/2018,16,104.55,FALSE,Saturday,77
7/28/2018,17,72.72,FALSE,Saturday,77
7/28/2018,18,67.4,FALSE,Saturday,77
7/28/2018,19,79.88,FALSE,Saturday,77
7/28/2018,20,149.6,FALSE,Saturday,77
7/28/2018,21,85.64,FALSE,Saturday,77
7/30/2018,7,39.38,FALSE,Monday,77
7/30/2018,8,33.12,FALSE,Monday,77
7/30/2018,9,105.49,FALSE,Monday,77
7/30/2018,10,233.88,FALSE,Monday,77
7/30/2018,11,184.39,FALSE,Monday,77
7/30/2018,12,257.52,FALSE,Monday,77
7/30/2018,13,231.18,FALSE,Monday,77
7/30/2018,14,76.53,FALSE,Monday,77
7/30/2018,15,119.44,FALSE,Monday,77
7/30/2018,16,75.05,FALSE,Monday,77
7/30/2018,17,129.94,FALSE,Monday,77
7/30/2018,18,90.93,FALSE,Monday,77
7/30/2018,19,75.63,FALSE,Monday,77
7/30/2018,20,137.49,FALSE,Monday,77
7/30/2018,21,19.61,FALSE,Monday,77
7/31/2018,7,41.39,FALSE,Tuesday,77
7/31/2018,8,40.78,FALSE,Tuesday,77
7/31/2018,9,100.71,FALSE,Tuesday,77
7/31/2018,10,110.22,FALSE,Tuesday,77
7/31/2018,11,53.6,FALSE,Tuesday,77
7/31/2018,12,141.8,FALSE,Tuesday,77
7/31/2018,13,230.89,FALSE,Tuesday,77
7/31/2018,14,137.45,FALSE,Tuesday,77
7/31/2018,15,173.61,FALSE,Tuesday,77
7/31/2018,16,111.55,FALSE,Tuesday,77
7/31/2018,17,92.52,FALSE,Tuesday,77
7/31/2018,18,75.12,FALSE,Tuesday,77
7/31/2018,19,93.74,FALSE,Tuesday,77
7/31/2018,20,84.17,FALSE,Tuesday,77
7/31/2018,21,153.43,FALSE,Tuesday,77
8/1/2018,7,38.16,FALSE,Wednesday,79
8/1/2018,8,189,FALSE,Wednesday,79
8/1/2018,9,106.74,FALSE,Wednesday,79
8/1/2018,10,106.42,FALSE,Wednesday,79
8/1/2018,11,123.97,FALSE,Wednesday,79
8/1/2018,12,98.87,FALSE,Wednesday,79
8/1/2018,13,257.2,FALSE,Wednesday,79
8/1/2018,14,404.42,FALSE,Wednesday,79
8/1/2018,15,96.42,FALSE,Wednesday,79
8/1/2018,16,92.01,FALSE,Wednesday,79
8/1/2018,17,101.27,FALSE,Wednesday,79
8/1/2018,18,92.14,FALSE,Wednesday,79
8/1/2018,19,93.57,FALSE,Wednesday,79
8/1/2018,20,392.08,FALSE,Wednesday,79
8/1/2018,21,71.38,FALSE,Wednesday,79
8/2/2018,7,71.09,FALSE,Thursday,69
8/2/2018,8,111.24,FALSE,Thursday,69
8/2/2018,9,88.98,FALSE,Thursday,69
8/2/2018,10,87.61,FALSE,Thursday,69
8/2/2018,11,145.85,FALSE,Thursday,69
8/2/2018,12,118.59,FALSE,Thursday,69
8/2/2018,13,181.2,FALSE,Thursday,69
8/2/2018,14,86.79,FALSE,Thursday,69
8/2/2018,15,74.06,FALSE,Thursday,69
8/2/2018,16,111.82,FALSE,Thursday,69
8/2/2018,17,143.14,FALSE,Thursday,69
8/2/2018,18,79.19,FALSE,Thursday,69
8/2/2018,19,97.9,FALSE,Thursday,69
8/2/2018,20,81.29,FALSE,Thursday,69
8/2/2018,21,64.16,FALSE,Thursday,69
8/2/2018,22,16.14,FALSE,Thursday,69
8/3/2018,7,58.08,FALSE,Friday,75
8/3/2018,8,158.1,FALSE,Friday,75
8/3/2018,9,98.75,FALSE,Friday,75
8/3/2018,10,193.44,FALSE,Friday,75
8/3/2018,11,203.09,FALSE,Friday,75
8/3/2018,12,141.83,FALSE,Friday,75
8/3/2018,13,144.19,FALSE,Friday,75
8/3/2018,14,143.05,FALSE,Friday,75
8/3/2018,15,86.39,FALSE,Friday,75
8/3/2018,16,150.07,FALSE,Friday,75
8/3/2018,17,81.66,FALSE,Friday,75
8/3/2018,18,84.52,FALSE,Friday,75
8/3/2018,19,146.28,FALSE,Friday,75
8/3/2018,20,9.43,FALSE,Friday,75
8/3/2018,21,113.69,FALSE,Friday,75
8/4/2018,8,39.22,FALSE,Saturday,73
8/4/2018,9,34.96,FALSE,Saturday,73
8/4/2018,10,105.4,FALSE,Saturday,73
8/4/2018,11,212.48,FALSE,Saturday,73
8/4/2018,12,115.2,FALSE,Saturday,73
8/4/2018,13,108.72,FALSE,Saturday,73
8/4/2018,14,46.91,FALSE,Saturday,73
8/4/2018,15,156.48,FALSE,Saturday,73
8/4/2018,16,123.69,FALSE,Saturday,73
8/4/2018,17,151.21,FALSE,Saturday,73
8/4/2018,18,82.53,FALSE,Saturday,73
8/4/2018,19,94.39,FALSE,Saturday,73
8/4/2018,20,57.9,FALSE,Saturday,73
8/4/2018,21,50.71,FALSE,Saturday,73
8/4/2018,22,0,FALSE,Saturday,73
8/6/2018,7,98.15,FALSE,Monday,72
8/6/2018,8,105.4,FALSE,Monday,72
8/6/2018,9,57.86,FALSE,Monday,72
8/6/2018,10,275.89,FALSE,Monday,72
8/6/2018,11,97.85,FALSE,Monday,72
8/6/2018,12,794.89,FALSE,Monday,72
8/6/2018,13,166.99,FALSE,Monday,72
8/6/2018,14,106.06,FALSE,Monday,72
8/6/2018,15,93.73,FALSE,Monday,72
8/6/2018,16,194.39,FALSE,Monday,72
8/6/2018,17,107.14,FALSE,Monday,72
8/6/2018,18,66.12,FALSE,Monday,72
8/6/2018,19,90.65,FALSE,Monday,72
8/6/2018,20,65.82,FALSE,Monday,72
8/6/2018,21,34.04,FALSE,Monday,72
8/7/2018,7,37.26,FALSE,Tuesday,76
8/7/2018,8,87.84,FALSE,Tuesday,76
8/7/2018,9,74.55,FALSE,Tuesday,76
8/7/2018,10,116.15,FALSE,Tuesday,76
8/7/2018,11,186.55,FALSE,Tuesday,76
8/7/2018,12,146.57,FALSE,Tuesday,76
8/7/2018,13,77.54,FALSE,Tuesday,76
8/7/2018,14,114.64,FALSE,Tuesday,76
8/7/2018,15,86.84,FALSE,Tuesday,76
8/7/2018,16,113.94,FALSE,Tuesday,76
8/7/2018,17,73.34,FALSE,Tuesday,76
8/7/2018,18,91.55,FALSE,Tuesday,76
8/7/2018,19,140.94,FALSE,Tuesday,76
8/7/2018,20,63.97,FALSE,Tuesday,76
8/7/2018,21,66.63,FALSE,Tuesday,76
8/8/2018,7,18.7,FALSE,Wednesday,79
8/8/2018,8,141.16,FALSE,Wednesday,79
8/8/2018,9,100.52,FALSE,Wednesday,79
8/8/2018,10,142.97,FALSE,Wednesday,79
8/8/2018,11,100.96,FALSE,Wednesday,79
8/8/2018,12,86.03,FALSE,Wednesday,79
8/8/2018,13,139.47,FALSE,Wednesday,79
8/8/2018,14,115.33,FALSE,Wednesday,79
8/8/2018,15,282.02,FALSE,Wednesday,79
8/8/2018,16,34.41,FALSE,Wednesday,79
8/8/2018,17,149.11,FALSE,Wednesday,79
8/8/2018,18,116.78,FALSE,Wednesday,79
8/8/2018,19,139.57,FALSE,Wednesday,79
8/8/2018,20,132.62,FALSE,Wednesday,79
8/8/2018,21,25.48,FALSE,Wednesday,79
8/9/2018,7,63.09,FALSE,Thursday,81
8/9/2018,8,67.23,FALSE,Thursday,81
8/9/2018,9,108.32,FALSE,Thursday,81
8/9/2018,10,71.91,FALSE,Thursday,81
8/9/2018,11,191.85,FALSE,Thursday,81
8/9/2018,12,268.58,FALSE,Thursday,81
8/9/2018,13,206.57,FALSE,Thursday,81
8/9/2018,14,204.63,FALSE,Thursday,81
8/9/2018,15,118.63,FALSE,Thursday,81
8/9/2018,16,111.49,FALSE,Thursday,81
8/9/2018,17,159.74,FALSE,Thursday,81
8/9/2018,18,81.13,FALSE,Thursday,81
8/9/2018,19,126.9,FALSE,Thursday,81
8/9/2018,20,38.58,FALSE,Thursday,81
8/9/2018,21,52.16,FALSE,Thursday,81
8/10/2018,7,16.43,FALSE,Friday,81
8/10/2018,8,52.96,FALSE,Friday,81
8/10/2018,9,96.85,FALSE,Friday,81
8/10/2018,10,116.37,FALSE,Friday,81
8/10/2018,11,175.38,FALSE,Friday,81
8/10/2018,12,134.05,FALSE,Friday,81
8/10/2018,13,126.02,FALSE,Friday,81
8/10/2018,14,128.78,FALSE,Friday,81
8/10/2018,15,76.03,FALSE,Friday,81
8/10/2018,16,111.74,FALSE,Friday,81
8/10/2018,17,141.26,FALSE,Friday,81
8/10/2018,18,130.27,FALSE,Friday,81
8/10/2018,19,116.19,FALSE,Friday,81
8/10/2018,20,174.66,FALSE,Friday,81
8/10/2018,21,32.22,FALSE,Friday,81
8/11/2018,8,128.73,FALSE,Saturday,81
8/11/2018,9,113.6,FALSE,Saturday,81
8/11/2018,10,178.48,FALSE,Saturday,81
8/11/2018,11,213.35,FALSE,Saturday,81
8/11/2018,12,108.18,FALSE,Saturday,81
8/11/2018,13,155.38,FALSE,Saturday,81
8/11/2018,14,158.03,FALSE,Saturday,81
8/11/2018,15,183.42,FALSE,Saturday,81
8/11/2018,16,175.36,FALSE,Saturday,81
8/11/2018,17,105.99,FALSE,Saturday,81
8/11/2018,18,89.55,FALSE,Saturday,81
8/11/2018,19,75.29,FALSE,Saturday,81
8/11/2018,20,107.5,FALSE,Saturday,81
8/11/2018,21,125.7,FALSE,Saturday,81
8/13/2018,7,35.11,FALSE,Monday,81
8/13/2018,8,102.68,FALSE,Monday,81
8/13/2018,9,134.89,FALSE,Monday,81
8/13/2018,10,137.6,FALSE,Monday,81
8/13/2018,11,78.92,FALSE,Monday,81
8/13/2018,12,298.45,FALSE,Monday,81
8/13/2018,13,136.73,FALSE,Monday,81
8/13/2018,14,195.9,FALSE,Monday,81
8/13/2018,15,116.54,FALSE,Monday,81
8/13/2018,16,127.27,FALSE,Monday,81
8/13/2018,17,88.4,FALSE,Monday,81
8/13/2018,18,102.14,FALSE,Monday,81
8/13/2018,19,161.2,FALSE,Monday,81
8/13/2018,20,57.07,FALSE,Monday,81
8/13/2018,21,27.75,FALSE,Monday,81
8/14/2018,7,25.87,FALSE,Tuesday,81
8/14/2018,8,74.22,FALSE,Tuesday,81
8/14/2018,9,123.48,FALSE,Tuesday,81
8/14/2018,10,117.44,FALSE,Tuesday,81
8/14/2018,11,129.52,FALSE,Tuesday,81
8/14/2018,12,175.99,FALSE,Tuesday,81
8/14/2018,13,92.87,FALSE,Tuesday,81
8/14/2018,14,95.73,FALSE,Tuesday,81
8/14/2018,15,114.88,FALSE,Tuesday,81
8/14/2018,16,176.51,FALSE,Tuesday,81
8/14/2018,17,49.93,FALSE,Tuesday,81
8/14/2018,18,81.32,FALSE,Tuesday,81
8/14/2018,19,85.46,FALSE,Tuesday,81
8/14/2018,20,162.12,FALSE,Tuesday,81
8/14/2018,21,49.24,FALSE,Tuesday,81
8/15/2018,7,58.03,FALSE,Wednesday,81
8/15/2018,8,93.05,FALSE,Wednesday,81
8/15/2018,9,73.96,FALSE,Wednesday,81
8/15/2018,10,121.25,FALSE,Wednesday,81
8/15/2018,11,109.75,FALSE,Wednesday,81
8/15/2018,12,150.96,FALSE,Wednesday,81
8/15/2018,13,201.7,FALSE,Wednesday,81
8/15/2018,14,121.49,FALSE,Wednesday,81
8/15/2018,15,115.02,FALSE,Wednesday,81
8/15/2018,16,84.97,FALSE,Wednesday,81
8/15/2018,17,125.21,FALSE,Wednesday,81
8/15/2018,18,90.12,FALSE,Wednesday,81
8/15/2018,19,89.71,FALSE,Wednesday,81
8/15/2018,20,77.91,FALSE,Wednesday,81
8/15/2018,21,74.75,FALSE,Wednesday,81
8/16/2018,7,61.91,FALSE,Thursday,81
8/16/2018,8,120.19,FALSE,Thursday,81
8/16/2018,9,84.24,FALSE,Thursday,81
8/16/2018,10,176.91,FALSE,Thursday,81
8/16/2018,11,145.66,FALSE,Thursday,81
8/16/2018,12,89.77,FALSE,Thursday,81
8/16/2018,13,83.1,FALSE,Thursday,81
8/16/2018,14,177.4,FALSE,Thursday,81
8/16/2018,15,174.76,FALSE,Thursday,81
8/16/2018,16,92.1,FALSE,Thursday,81
8/16/2018,17,110.62,FALSE,Thursday,81
8/16/2018,18,104.68,FALSE,Thursday,81
8/16/2018,19,78.31,FALSE,Thursday,81
8/16/2018,20,83.84,FALSE,Thursday,81
8/16/2018,21,14.28,FALSE,Thursday,81
8/17/2018,7,99.97,FALSE,Friday,81
8/17/2018,8,128.31,FALSE,Friday,81
8/17/2018,9,125.85,FALSE,Friday,81
8/17/2018,10,160.48,FALSE,Friday,81
8/17/2018,11,166.69,FALSE,Friday,81
8/17/2018,12,241.46,FALSE,Friday,81
8/17/2018,13,110,FALSE,Friday,81
8/17/2018,14,179.95,FALSE,Friday,81
8/17/2018,15,145.82,FALSE,Friday,81
8/17/2018,16,84.43,FALSE,Friday,81
8/17/2018,17,117.06,FALSE,Friday,81
8/17/2018,18,49.51,FALSE,Friday,81
8/17/2018,19,70.6,FALSE,Friday,81
8/17/2018,20,92.36,FALSE,Friday,81
8/17/2018,21,186.61,FALSE,Friday,81
8/17/2018,22,10.02,FALSE,Friday,81
8/18/2018,8,109.1,FALSE,Saturday,81
8/18/2018,9,80.33,FALSE,Saturday,81
8/18/2018,10,109.73,FALSE,Saturday,81
8/18/2018,11,133,FALSE,Saturday,81
8/18/2018,12,144.09,FALSE,Saturday,81
8/18/2018,13,161.78,FALSE,Saturday,81
8/18/2018,14,110.49,FALSE,Saturday,81
8/18/2018,15,59.36,FALSE,Saturday,81
8/18/2018,16,227.92,FALSE,Saturday,81
8/18/2018,17,91.16,FALSE,Saturday,81
8/18/2018,18,82.92,FALSE,Saturday,81
8/18/2018,19,58.75,FALSE,Saturday,81
8/18/2018,20,57.53,FALSE,Saturday,81
8/18/2018,21,110.25,FALSE,Saturday,81
8/18/2018,22,7.49,FALSE,Saturday,81
8/20/2018,7,95.63,FALSE,Monday,81
8/20/2018,8,92.51,FALSE,Monday,81
8/20/2018,9,127.03,FALSE,Monday,81
8/20/2018,10,109.35,FALSE,Monday,81
8/20/2018,11,101.6,FALSE,Monday,81
8/20/2018,12,164.77,FALSE,Monday,81
8/20/2018,13,151.21,FALSE,Monday,81
8/20/2018,14,110.39,FALSE,Monday,81
8/20/2018,15,162.47,FALSE,Monday,81
8/20/2018,16,134.85,FALSE,Monday,81
8/20/2018,17,86.53,FALSE,Monday,81
8/20/2018,18,96.49,FALSE,Monday,81
8/20/2018,19,144.58,FALSE,Monday,81
8/20/2018,20,76.47,FALSE,Monday,81
8/20/2018,21,12.4,FALSE,Monday,81
8/20/2018,22,0,FALSE,Monday,81
8/21/2018,7,67.84,FALSE,Tuesday,81
8/21/2018,8,115.08,FALSE,Tuesday,81
8/21/2018,9,81.96,FALSE,Tuesday,81
8/21/2018,10,51.11,FALSE,Tuesday,81
8/21/2018,11,67.62,FALSE,Tuesday,81
8/21/2018,12,104.49,FALSE,Tuesday,81
8/21/2018,13,83.21,FALSE,Tuesday,81
8/21/2018,14,81.97,FALSE,Tuesday,81
8/21/2018,15,84.5,FALSE,Tuesday,81
8/21/2018,16,64.01,FALSE,Tuesday,81
8/21/2018,17,44.27,FALSE,Tuesday,81
8/21/2018,18,106.37,FALSE,Tuesday,81
8/21/2018,19,57.7,FALSE,Tuesday,81
8/21/2018,20,56.56,FALSE,Tuesday,81
8/21/2018,21,35.27,FALSE,Tuesday,81
8/22/2018,7,30.23,FALSE,Wednesday,81
8/22/2018,8,138.43,FALSE,Wednesday,81
8/22/2018,9,482.34,FALSE,Wednesday,81
8/22/2018,10,185.88,FALSE,Wednesday,81
8/22/2018,11,157.33,FALSE,Wednesday,81
8/22/2018,12,90.98,FALSE,Wednesday,81
8/22/2018,13,105.01,FALSE,Wednesday,81
8/22/2018,14,29.97,FALSE,Wednesday,81
8/22/2018,15,80.07,FALSE,Wednesday,81
8/22/2018,16,68.81,FALSE,Wednesday,81
8/22/2018,17,78.64,FALSE,Wednesday,81
8/22/2018,18,61.31,FALSE,Wednesday,81
8/22/2018,19,118.55,FALSE,Wednesday,81
8/22/2018,20,30.66,FALSE,Wednesday,81
8/22/2018,21,68.26,FALSE,Wednesday,81
8/23/2018,7,829.44,FALSE,Thursday,81
8/23/2018,8,84.05,FALSE,Thursday,81
8/23/2018,9,84.48,FALSE,Thursday,81
8/23/2018,10,43.07,FALSE,Thursday,81
8/23/2018,11,122.86,FALSE,Thursday,81
8/23/2018,12,28.99,FALSE,Thursday,81
8/23/2018,13,89.77,FALSE,Thursday,81
8/23/2018,14,148.29,FALSE,Thursday,81
8/23/2018,15,69.7,FALSE,Thursday,81
8/23/2018,16,82.04,FALSE,Thursday,81
8/23/2018,17,119.36,FALSE,Thursday,81
8/23/2018,18,103.3,FALSE,Thursday,81
8/23/2018,19,113.57,FALSE,Thursday,81
8/23/2018,20,145.73,FALSE,Thursday,81
8/23/2018,21,15.14,FALSE,Thursday,81
8/24/2018,7,49.74,FALSE,Friday,81
8/24/2018,8,143.63,FALSE,Friday,81
8/24/2018,9,111.09,FALSE,Friday,81
8/24/2018,10,185.58,FALSE,Friday,81
8/24/2018,11,120.46,FALSE,Friday,81
8/24/2018,12,104.39,FALSE,Friday,81
8/24/2018,13,122.99,FALSE,Friday,81
8/24/2018,14,178.85,FALSE,Friday,81
8/24/2018,15,76.45,FALSE,Friday,81
8/24/2018,16,128.62,FALSE,Friday,81
8/24/2018,17,90.23,FALSE,Friday,81
8/24/2018,18,102.46,FALSE,Friday,81
8/24/2018,19,149.54,FALSE,Friday,81
8/24/2018,20,94.23,FALSE,Friday,81
8/24/2018,21,51.76,FALSE,Friday,81
8/24/2018,22,10.02,FALSE,Friday,81
8/25/2018,8,40.88,FALSE,Saturday,81
8/25/2018,9,100.97,FALSE,Saturday,81
8/25/2018,10,123.79,FALSE,Saturday,81
8/25/2018,11,106.64,FALSE,Saturday,81
8/25/2018,12,85.64,FALSE,Saturday,81
8/25/2018,13,87.55,FALSE,Saturday,81
8/25/2018,14,183.49,FALSE,Saturday,81
8/25/2018,15,167.63,FALSE,Saturday,81
8/25/2018,16,163.36,FALSE,Saturday,81
8/25/2018,17,123.7,FALSE,Saturday,81
8/25/2018,18,111.89,FALSE,Saturday,81
8/25/2018,19,98.04,FALSE,Saturday,81
8/25/2018,20,113.42,FALSE,Saturday,81
8/25/2018,21,95.21,FALSE,Saturday,81
8/25/2018,22,15.03,FALSE,Saturday,81
8/27/2018,7,70.35,FALSE,Monday,81
8/27/2018,8,91.44,FALSE,Monday,81
8/27/2018,9,468.4,FALSE,Monday,81
8/27/2018,10,84.51,FALSE,Monday,81
8/27/2018,11,131.61,FALSE,Monday,81
8/27/2018,12,73.1,FALSE,Monday,81
8/27/2018,13,89.6,FALSE,Monday,81
8/27/2018,14,141.1,FALSE,Monday,81
8/27/2018,15,68.74,FALSE,Monday,81
8/27/2018,16,79.35,FALSE,Monday,81
8/27/2018,17,123.93,FALSE,Monday,81
8/27/2018,18,61.71,FALSE,Monday,81
8/27/2018,19,74.66,FALSE,Monday,81
8/27/2018,20,78.66,FALSE,Monday,81
8/27/2018,21,6.2,FALSE,Monday,81
8/28/2018,7,66.86,FALSE,Tuesday,81
8/28/2018,8,40.35,FALSE,Tuesday,81
8/28/2018,9,73.84,FALSE,Tuesday,81
8/28/2018,10,87.41,FALSE,Tuesday,81
8/28/2018,11,80.12,FALSE,Tuesday,81
8/28/2018,12,138.97,FALSE,Tuesday,81
8/28/2018,13,87.68,FALSE,Tuesday,81
8/28/2018,14,85.36,FALSE,Tuesday,81
8/28/2018,15,104.65,FALSE,Tuesday,81
8/28/2018,16,116.66,FALSE,Tuesday,81
8/28/2018,17,145.64,FALSE,Tuesday,81
8/28/2018,18,77.12,FALSE,Tuesday,81
8/28/2018,19,92.07,FALSE,Tuesday,81
8/28/2018,20,98.47,FALSE,Tuesday,81
8/28/2018,21,25.28,FALSE,Tuesday,81
8/29/2018,7,34.64,FALSE,Wednesday,81
8/29/2018,8,41.3,FALSE,Wednesday,81
8/29/2018,9,103.04,FALSE,Wednesday,81
8/29/2018,10,78.79,FALSE,Wednesday,81
8/29/2018,11,112.05,FALSE,Wednesday,81
8/29/2018,12,209.18,FALSE,Wednesday,81
8/29/2018,13,44.89,FALSE,Wednesday,81
8/29/2018,14,123.76,FALSE,Wednesday,81
8/29/2018,15,87.72,FALSE,Wednesday,81
8/29/2018,16,138.89,FALSE,Wednesday,81
8/29/2018,17,25.27,FALSE,Wednesday,81
8/29/2018,18,39.93,FALSE,Wednesday,81
8/29/2018,19,33.78,FALSE,Wednesday,81
8/29/2018,20,86.46,FALSE,Wednesday,81
8/29/2018,21,80.81,FALSE,Wednesday,81
8/30/2018,7,46.39,FALSE,Thursday,81
8/30/2018,8,135.57,FALSE,Thursday,81
8/30/2018,9,138.15,FALSE,Thursday,81
8/30/2018,10,211.01,FALSE,Thursday,81
8/30/2018,11,54.28,FALSE,Thursday,81
8/30/2018,12,68.71,FALSE,Thursday,81
8/30/2018,13,81.15,FALSE,Thursday,81
8/30/2018,14,118.42,FALSE,Thursday,81
8/30/2018,15,122.74,FALSE,Thursday,81
8/30/2018,16,132.55,FALSE,Thursday,81
8/30/2018,17,105.83,FALSE,Thursday,81
8/30/2018,18,84.54,FALSE,Thursday,81
8/30/2018,19,47.11,FALSE,Thursday,81
8/30/2018,20,48,FALSE,Thursday,81
8/30/2018,21,35.13,FALSE,Thursday,81
8/30/2018,22,14.87,FALSE,Thursday,81
8/31/2018,7,13.47,FALSE,Friday,81
8/31/2018,8,64.42,FALSE,Friday,81
8/31/2018,9,120.36,FALSE,Friday,81
8/31/2018,10,112.09,FALSE,Friday,81
8/31/2018,11,62.13,FALSE,Friday,81
8/31/2018,12,139.5,FALSE,Friday,81
8/31/2018,13,88.13,FALSE,Friday,81
8/31/2018,14,87.91,FALSE,Friday,81
8/31/2018,15,149.98,FALSE,Friday,81
8/31/2018,16,93.61,FALSE,Friday,81
8/31/2018,17,252.4,FALSE,Friday,81
8/31/2018,18,183.82,FALSE,Friday,81
8/31/2018,19,62.46,FALSE,Friday,81
8/31/2018,20,117.46,FALSE,Friday,81
8/31/2018,21,19.73,FALSE,Friday,81
8/31/2018,22,8.03,FALSE,Friday,81
8/1/2018,7,0,FALSE,Wednesday,79
8/1/2018,8,72.99,FALSE,Wednesday,79
8/1/2018,9,38.47,FALSE,Wednesday,79
8/1/2018,10,115.36,FALSE,Wednesday,79
8/1/2018,11,174.2,FALSE,Wednesday,79
8/1/2018,12,188.84,FALSE,Wednesday,79
8/1/2018,13,79.99,FALSE,Wednesday,79
8/1/2018,14,145.39,FALSE,Wednesday,79
8/1/2018,15,58.07,FALSE,Wednesday,79
8/1/2018,16,117.51,FALSE,Wednesday,79
8/1/2018,17,128.13,FALSE,Wednesday,79
8/1/2018,18,185.59,FALSE,Wednesday,79
8/1/2018,19,39.65,FALSE,Wednesday,79
8/1/2018,20,99.23,FALSE,Wednesday,79
8/1/2018,21,31.2,FALSE,Wednesday,79
8/3/2018,7,6.2,FALSE,Friday,75
8/3/2018,8,35.29,FALSE,Friday,75
8/3/2018,9,72.71,FALSE,Friday,75
8/3/2018,10,54.41,FALSE,Friday,75
8/3/2018,11,85.59,FALSE,Friday,75
8/3/2018,12,66.27,FALSE,Friday,75
8/3/2018,13,108.74,FALSE,Friday,75
8/3/2018,14,195.01,FALSE,Friday,75
8/3/2018,15,234.96,FALSE,Friday,75
8/3/2018,16,136.28,FALSE,Friday,75
8/3/2018,17,67.01,FALSE,Friday,75
8/3/2018,18,59.82,FALSE,Friday,75
8/3/2018,19,66.88,FALSE,Friday,75
8/3/2018,20,133.53,FALSE,Friday,75
8/3/2018,21,44.21,FALSE,Friday,75
8/4/2018,7,6.2,FALSE,Saturday,73
8/4/2018,9,152.42,FALSE,Saturday,73
8/4/2018,10,142.26,FALSE,Saturday,73
8/4/2018,11,61.3,FALSE,Saturday,73
8/4/2018,12,80.06,FALSE,Saturday,73
8/4/2018,13,58.37,FALSE,Saturday,73
8/4/2018,14,80.12,FALSE,Saturday,73
8/4/2018,15,77.07,FALSE,Saturday,73
8/4/2018,16,71.01,FALSE,Saturday,73
8/4/2018,17,126.95,FALSE,Saturday,73
8/4/2018,18,104.96,FALSE,Saturday,73
8/4/2018,19,107.53,FALSE,Saturday,73
8/4/2018,20,32.5,FALSE,Saturday,73
8/4/2018,21,22.96,FALSE,Saturday,73
8/4/2018,22,6.2,FALSE,Saturday,73
8/5/2018,7,52.74,FALSE,Sunday,70
8/5/2018,8,353.79,FALSE,Sunday,70
8/5/2018,9,124.19,FALSE,Sunday,70
8/5/2018,10,108.68,FALSE,Sunday,70
8/5/2018,11,96.87,FALSE,Sunday,70
8/5/2018,12,80.09,FALSE,Sunday,70
8/5/2018,13,116.61,FALSE,Sunday,70
8/5/2018,14,548.31,FALSE,Sunday,70
8/5/2018,15,26.66,FALSE,Sunday,70
8/5/2018,16,98.2,FALSE,Sunday,70
8/5/2018,17,80.43,FALSE,Sunday,70
8/5/2018,18,35.38,FALSE,Sunday,70
8/5/2018,19,75.44,FALSE,Sunday,70
8/5/2018,20,25.93,FALSE,Sunday,70
8/5/2018,21,5.01,FALSE,Sunday,70
8/6/2018,7,41.33,FALSE,Monday,72
8/6/2018,8,47.04,FALSE,Monday,72
8/6/2018,9,92.2,FALSE,Monday,72
8/6/2018,10,49.27,FALSE,Monday,72
8/6/2018,11,107.49,FALSE,Monday,72
8/6/2018,12,173.86,FALSE,Monday,72
8/6/2018,13,86.19,FALSE,Monday,72
8/6/2018,14,89.03,FALSE,Monday,72
8/6/2018,15,47.43,FALSE,Monday,72
8/6/2018,16,65.76,FALSE,Monday,72
8/6/2018,17,137.84,FALSE,Monday,72
8/6/2018,18,79.08,FALSE,Monday,72
8/6/2018,19,102.76,FALSE,Monday,72
8/6/2018,20,108.74,FALSE,Monday,72
8/6/2018,21,38.48,FALSE,Monday,72
8/7/2018,7,21.28,FALSE,Tuesday,76
8/7/2018,8,103.38,FALSE,Tuesday,76
8/7/2018,9,71.94,FALSE,Tuesday,76
8/7/2018,10,129.74,FALSE,Tuesday,76
8/7/2018,11,139.19,FALSE,Tuesday,76
8/7/2018,12,120.16,FALSE,Tuesday,76
8/7/2018,13,141.83,FALSE,Tuesday,76
8/7/2018,14,244.2,FALSE,Tuesday,76
8/7/2018,15,104.25,FALSE,Tuesday,76
8/7/2018,16,126.01,FALSE,Tuesday,76
8/7/2018,17,82.87,FALSE,Tuesday,76
8/7/2018,18,92.15,FALSE,Tuesday,76
8/7/2018,19,129.41,FALSE,Tuesday,76
8/7/2018,20,84.63,FALSE,Tuesday,76
8/7/2018,21,45.85,FALSE,Tuesday,76
8/7/2018,22,13.85,FALSE,Tuesday,76
8/8/2018,8,111.1,FALSE,Wednesday,79
8/8/2018,9,69.55,FALSE,Wednesday,79
8/8/2018,10,53.92,FALSE,Wednesday,79
8/8/2018,11,148.55,FALSE,Wednesday,79
8/8/2018,12,205.96,FALSE,Wednesday,79
8/8/2018,13,92.87,FALSE,Wednesday,79
8/8/2018,14,92.77,FALSE,Wednesday,79
8/8/2018,15,82.27,FALSE,Wednesday,79
8/8/2018,16,87.67,FALSE,Wednesday,79
8/8/2018,17,80.65,FALSE,Wednesday,79
8/8/2018,18,46.5,FALSE,Wednesday,79
8/8/2018,19,52.68,FALSE,Wednesday,79
8/8/2018,20,41.91,FALSE,Wednesday,79
8/8/2018,21,92.01,FALSE,Wednesday,79
8/10/2018,7,83.66,FALSE,Friday,81
8/10/2018,8,81.06,FALSE,Friday,81
8/10/2018,9,120.31,FALSE,Friday,81
8/10/2018,10,74.49,FALSE,Friday,81
8/10/2018,11,114.47,FALSE,Friday,81
8/10/2018,12,261.15,FALSE,Friday,81
8/10/2018,13,108.57,FALSE,Friday,81
8/10/2018,14,61.57,FALSE,Friday,81
8/10/2018,15,54.9,FALSE,Friday,81
8/10/2018,16,103.54,FALSE,Friday,81
8/10/2018,17,127.77,FALSE,Friday,81
8/10/2018,18,99.73,FALSE,Friday,81
8/10/2018,19,39.76,FALSE,Friday,81
8/10/2018,20,81.55,FALSE,Friday,81
8/10/2018,21,14.65,FALSE,Friday,81
8/11/2018,7,70.69,FALSE,Saturday,81
8/11/2018,8,77.84,FALSE,Saturday,81
8/11/2018,9,67.43,FALSE,Saturday,81
8/11/2018,10,72.3,FALSE,Saturday,81
8/11/2018,11,37.47,FALSE,Saturday,81
8/11/2018,12,101.17,FALSE,Saturday,81
8/11/2018,13,64.07,FALSE,Saturday,81
8/11/2018,14,100.3,FALSE,Saturday,81
8/11/2018,15,152.34,FALSE,Saturday,81
8/11/2018,16,108.02,FALSE,Saturday,81
8/11/2018,17,30.74,FALSE,Saturday,81
8/11/2018,18,63.01,FALSE,Saturday,81
8/11/2018,19,53.5,FALSE,Saturday,81
8/11/2018,20,102.56,FALSE,Saturday,81
8/11/2018,21,6.2,FALSE,Saturday,81
8/12/2018,7,33.06,FALSE,Sunday,81
8/12/2018,8,94.43,FALSE,Sunday,81
8/12/2018,9,91.1,FALSE,Sunday,81
8/12/2018,10,137.05,FALSE,Sunday,81
8/12/2018,11,139.26,FALSE,Sunday,81
8/12/2018,12,105.81,FALSE,Sunday,81
8/12/2018,13,78.86,FALSE,Sunday,81
8/12/2018,14,98.45,FALSE,Sunday,81
8/12/2018,15,147.43,FALSE,Sunday,81
8/12/2018,16,74.43,FALSE,Sunday,81
8/12/2018,17,69.84,FALSE,Sunday,81
8/12/2018,18,57.46,FALSE,Sunday,81
8/12/2018,19,79.45,FALSE,Sunday,81
8/12/2018,20,100.19,FALSE,Sunday,81
8/12/2018,21,35.34,FALSE,Sunday,81
8/12/2018,22,10.23,FALSE,Sunday,81
8/13/2018,7,47.85,FALSE,Monday,81
8/13/2018,8,119.29,FALSE,Monday,81
8/13/2018,9,38.52,FALSE,Monday,81
8/13/2018,10,67.18,FALSE,Monday,81
8/13/2018,11,111.82,FALSE,Monday,81
8/13/2018,12,76.45,FALSE,Monday,81
8/13/2018,13,73.1,FALSE,Monday,81
8/13/2018,14,74.73,FALSE,Monday,81
8/13/2018,15,62.57,FALSE,Monday,81
8/13/2018,16,74.87,FALSE,Monday,81
8/13/2018,17,31.08,FALSE,Monday,81
8/13/2018,18,100.53,FALSE,Monday,81
8/13/2018,19,83.17,FALSE,Monday,81
8/13/2018,20,91.74,FALSE,Monday,81
8/14/2018,7,35.33,FALSE,Tuesday,81
8/14/2018,8,191.44,FALSE,Tuesday,81
8/14/2018,9,99.79,FALSE,Tuesday,81
8/14/2018,10,77.06,FALSE,Tuesday,81
8/14/2018,11,113.45,FALSE,Tuesday,81
8/14/2018,12,119.05,FALSE,Tuesday,81
8/14/2018,13,105.3,FALSE,Tuesday,81
8/14/2018,14,106.89,FALSE,Tuesday,81
8/14/2018,15,72.79,FALSE,Tuesday,81
8/14/2018,16,109.73,FALSE,Tuesday,81
8/14/2018,17,41.93,FALSE,Tuesday,81
8/14/2018,18,144.78,FALSE,Tuesday,81
8/14/2018,19,52.59,FALSE,Tuesday,81
8/14/2018,20,54.2,FALSE,Tuesday,81
8/14/2018,21,155,FALSE,Tuesday,81
8/15/2018,8,115.58,FALSE,Wednesday,81
8/15/2018,9,63.33,FALSE,Wednesday,81
8/15/2018,10,104.45,FALSE,Wednesday,81
8/15/2018,11,89.37,FALSE,Wednesday,81
8/15/2018,12,167.75,FALSE,Wednesday,81
8/15/2018,13,166.37,FALSE,Wednesday,81
8/15/2018,14,160.99,FALSE,Wednesday,81
8/15/2018,15,126.26,FALSE,Wednesday,81
8/15/2018,16,65.19,FALSE,Wednesday,81
8/15/2018,17,70.43,FALSE,Wednesday,81
8/15/2018,18,119.34,FALSE,Wednesday,81
8/15/2018,19,30.48,FALSE,Wednesday,81
8/15/2018,20,144.72,FALSE,Wednesday,81
8/15/2018,21,92.38,FALSE,Wednesday,81
8/15/2018,22,7.33,FALSE,Wednesday,81
8/17/2018,7,53.82,FALSE,Friday,81
8/17/2018,8,116.38,FALSE,Friday,81
8/17/2018,9,85.74,FALSE,Friday,81
8/17/2018,10,141.85,FALSE,Friday,81
8/17/2018,11,156.18,FALSE,Friday,81
8/17/2018,12,100.97,FALSE,Friday,81
8/17/2018,13,244.26,FALSE,Friday,81
8/17/2018,14,58.03,FALSE,Friday,81
8/17/2018,15,67.96,FALSE,Friday,81
8/17/2018,16,110.38,FALSE,Friday,81
8/17/2018,17,93.24,FALSE,Friday,81
8/17/2018,18,70.4,FALSE,Friday,81
8/17/2018,19,104.9,FALSE,Friday,81
8/17/2018,20,71.99,FALSE,Friday,81
8/17/2018,21,45.88,FALSE,Friday,81
8/18/2018,7,57.57,FALSE,Saturday,81
8/18/2018,8,105.37,FALSE,Saturday,81
8/18/2018,9,151.19,FALSE,Saturday,81
8/18/2018,10,106.18,FALSE,Saturday,81
8/18/2018,11,139.94,FALSE,Saturday,81
8/18/2018,12,97.39,FALSE,Saturday,81
8/18/2018,13,98.98,FALSE,Saturday,81
8/18/2018,14,248.3,FALSE,Saturday,81
8/18/2018,15,124.64,FALSE,Saturday,81
8/18/2018,16,24.03,FALSE,Saturday,81
8/18/2018,17,40.33,FALSE,Saturday,81
8/18/2018,18,74.53,FALSE,Saturday,81
8/18/2018,19,94.04,FALSE,Saturday,81
8/18/2018,20,77.84,FALSE,Saturday,81
8/18/2018,21,6.36,FALSE,Saturday,81
8/18/2018,22,5.25,FALSE,Saturday,81
8/19/2018,7,91,FALSE,Sunday,81
8/19/2018,8,147.06,FALSE,Sunday,81
8/19/2018,9,104.83,FALSE,Sunday,81
8/19/2018,10,74.06,FALSE,Sunday,81
8/19/2018,11,154.07,FALSE,Sunday,81
8/19/2018,12,148.13,FALSE,Sunday,81
8/19/2018,13,95.73,FALSE,Sunday,81
8/19/2018,14,155.27,FALSE,Sunday,81
8/19/2018,15,68.85,FALSE,Sunday,81
8/19/2018,16,122.13,FALSE,Sunday,81
8/19/2018,17,85.08,FALSE,Sunday,81
8/19/2018,18,59.58,FALSE,Sunday,81
8/19/2018,19,102.19,FALSE,Sunday,81
8/19/2018,20,98.98,FALSE,Sunday,81
8/19/2018,21,30.87,FALSE,Sunday,81
8/20/2018,7,55.53,FALSE,Monday,81
8/20/2018,8,108.15,FALSE,Monday,81
8/20/2018,9,122.45,FALSE,Monday,81
8/20/2018,10,93.69,FALSE,Monday,81
8/20/2018,11,108.57,FALSE,Monday,81
8/20/2018,12,93.77,FALSE,Monday,81
8/20/2018,13,90.96,FALSE,Monday,81
8/20/2018,14,184.28,FALSE,Monday,81
8/20/2018,15,190.17,FALSE,Monday,81
8/20/2018,16,73.32,FALSE,Monday,81
8/20/2018,17,86.62,FALSE,Monday,81
8/20/2018,18,36.95,FALSE,Monday,81
8/20/2018,19,91.64,FALSE,Monday,81
8/20/2018,20,99.03,FALSE,Monday,81
8/21/2018,7,137.51,FALSE,Tuesday,81
8/21/2018,8,57.71,FALSE,Tuesday,81
8/21/2018,9,176.32,FALSE,Tuesday,81
8/21/2018,10,82.23,FALSE,Tuesday,81
8/21/2018,11,81.77,FALSE,Tuesday,81
8/21/2018,12,78.62,FALSE,Tuesday,81
8/21/2018,13,78.01,FALSE,Tuesday,81
8/21/2018,14,155.9,FALSE,Tuesday,81
8/21/2018,15,152.99,FALSE,Tuesday,81
8/21/2018,16,99.12,FALSE,Tuesday,81
8/21/2018,17,96.46,FALSE,Tuesday,81
8/21/2018,18,61.44,FALSE,Tuesday,81
8/21/2018,19,48.89,FALSE,Tuesday,81
8/21/2018,20,73.11,FALSE,Tuesday,81
8/21/2018,21,42.56,FALSE,Tuesday,81
8/22/2018,7,5.01,FALSE,Wednesday,81
8/22/2018,8,151.97,FALSE,Wednesday,81
8/22/2018,9,79.51,FALSE,Wednesday,81
8/22/2018,10,138.67,FALSE,Wednesday,81
8/22/2018,11,143.33,FALSE,Wednesday,81
8/22/2018,12,278.61,FALSE,Wednesday,81
8/22/2018,13,165.32,FALSE,Wednesday,81
8/22/2018,14,115.24,FALSE,Wednesday,81
8/22/2018,15,131.31,FALSE,Wednesday,81
8/22/2018,16,126.46,FALSE,Wednesday,81
8/22/2018,17,122.47,FALSE,Wednesday,81
8/22/2018,18,69.78,FALSE,Wednesday,81
8/22/2018,19,120.79,FALSE,Wednesday,81
8/22/2018,20,47.75,FALSE,Wednesday,81
8/22/2018,21,70.62,FALSE,Wednesday,81
8/22/2018,22,6.2,FALSE,Wednesday,81
8/24/2018,7,49.06,FALSE,Friday,81
8/24/2018,8,71.56,FALSE,Friday,81
8/24/2018,9,136.43,FALSE,Friday,81
8/24/2018,10,50.14,FALSE,Friday,81
8/24/2018,11,118.68,FALSE,Friday,81
8/24/2018,12,91.56,FALSE,Friday,81
8/24/2018,13,221.36,FALSE,Friday,81
8/24/2018,14,81.42,FALSE,Friday,81
8/24/2018,15,121.6,FALSE,Friday,81
8/24/2018,16,97,FALSE,Friday,81
8/24/2018,17,85.01,FALSE,Friday,81
8/24/2018,18,16.38,FALSE,Friday,81
8/24/2018,19,40.76,FALSE,Friday,81
8/24/2018,20,64.21,FALSE,Friday,81
8/24/2018,21,2.32,FALSE,Friday,81
8/25/2018,7,63.19,FALSE,Saturday,81
8/25/2018,8,64.79,FALSE,Saturday,81
8/25/2018,9,82.91,FALSE,Saturday,81
8/25/2018,10,39.98,FALSE,Saturday,81
8/25/2018,11,79.2,FALSE,Saturday,81
8/25/2018,12,78.95,FALSE,Saturday,81
8/25/2018,13,71.02,FALSE,Saturday,81
8/25/2018,14,59.6,FALSE,Saturday,81
8/25/2018,15,130.24,FALSE,Saturday,81
8/25/2018,16,135.91,FALSE,Saturday,81
8/25/2018,17,71.12,FALSE,Saturday,81
8/25/2018,18,34.85,FALSE,Saturday,81
8/25/2018,19,55.83,FALSE,Saturday,81
8/25/2018,20,67.23,FALSE,Saturday,81
8/25/2018,21,15.03,FALSE,Saturday,81
8/26/2018,7,48.21,FALSE,Sunday,81
8/26/2018,8,346.46,FALSE,Sunday,81
8/26/2018,9,66.14,FALSE,Sunday,81
8/26/2018,10,112.69,FALSE,Sunday,81
8/26/2018,11,319.02,FALSE,Sunday,81
8/26/2018,12,74.27,FALSE,Sunday,81
8/26/2018,13,94.22,FALSE,Sunday,81
8/26/2018,14,174.67,FALSE,Sunday,81
8/26/2018,15,110.71,FALSE,Sunday,81
8/26/2018,16,93.99,FALSE,Sunday,81
8/26/2018,17,5.01,FALSE,Sunday,81
8/26/2018,18,53.82,FALSE,Sunday,81
8/26/2018,19,78.28,FALSE,Sunday,81
8/26/2018,20,51.22,FALSE,Sunday,81
8/26/2018,21,0,FALSE,Sunday,81
8/27/2018,7,68.51,FALSE,Monday,81
8/27/2018,8,112.25,FALSE,Monday,81
8/27/2018,9,49.39,FALSE,Monday,81
8/27/2018,10,83.44,FALSE,Monday,81
8/27/2018,11,69.38,FALSE,Monday,81
8/27/2018,12,192.31,FALSE,Monday,81
8/27/2018,13,161.06,FALSE,Monday,81
8/27/2018,14,95.38,FALSE,Monday,81
8/27/2018,15,92.41,FALSE,Monday,81
8/27/2018,16,131.75,FALSE,Monday,81
8/27/2018,17,35.72,FALSE,Monday,81
8/27/2018,18,117.08,FALSE,Monday,81
8/27/2018,19,87.57,FALSE,Monday,81
8/27/2018,20,56.82,FALSE,Monday,81
8/27/2018,21,4.64,FALSE,Monday,81
8/28/2018,7,116.76,FALSE,Tuesday,81
8/28/2018,8,121.52,FALSE,Tuesday,81
8/28/2018,9,99.41,FALSE,Tuesday,81
8/28/2018,10,161.03,FALSE,Tuesday,81
8/28/2018,11,197.52,FALSE,Tuesday,81
8/28/2018,12,199.65,FALSE,Tuesday,81
8/28/2018,13,149.52,FALSE,Tuesday,81
8/28/2018,14,45.01,FALSE,Tuesday,81
8/28/2018,15,169.21,FALSE,Tuesday,81
8/28/2018,16,35.67,FALSE,Tuesday,81
8/28/2018,17,51.74,FALSE,Tuesday,81
8/28/2018,18,140.09,FALSE,Tuesday,81
8/28/2018,19,31.41,FALSE,Tuesday,81
8/28/2018,20,55.38,FALSE,Tuesday,81
8/28/2018,21,12.55,FALSE,Tuesday,81
8/29/2018,8,43.53,FALSE,Wednesday,81
8/29/2018,9,127.98,FALSE,Wednesday,81
8/29/2018,10,212.68,FALSE,Wednesday,81
8/29/2018,11,219.93,FALSE,Wednesday,81
8/29/2018,12,204.89,FALSE,Wednesday,81
8/29/2018,13,119.73,FALSE,Wednesday,81
8/29/2018,14,81.47,FALSE,Wednesday,81
8/29/2018,15,119.34,FALSE,Wednesday,81
8/29/2018,16,91.3,FALSE,Wednesday,81
8/29/2018,17,53.27,FALSE,Wednesday,81
8/29/2018,18,108.08,FALSE,Wednesday,81
8/29/2018,19,59.8,FALSE,Wednesday,81
8/29/2018,20,109.6,FALSE,Wednesday,81
8/29/2018,21,27.68,FALSE,Wednesday,81
8/29/2018,22,24.94,FALSE,Wednesday,81

